Date,kpi,ppi,unemployment,oil_price_nok,usd_nok,import,eksport,rente,eur_nok,boligindex,oljepris_USD,import_USD,eksport_USD
1920-03-01,5.1,NA,NA,NA,NA,NA,NA,NA,NA,NA,NA,NA,NA
1920-04-01,5.2,NA,NA,NA,NA,NA,NA,NA,NA,NA,NA,NA,NA
1920-05-01,5.3,NA,NA,NA,NA,NA,NA,NA,NA,NA,NA,NA,NA
1920-06-01,5.4,NA,NA,NA,NA,NA,NA,NA,NA,NA,NA,NA,NA
1920-07-01,5.5,NA,NA,NA,NA,NA,NA,NA,NA,NA,NA,NA,NA
1920-08-01,5.6,NA,NA,NA,NA,NA,NA,NA,NA,NA,NA,NA,NA
1920-09-01,5.8,NA,NA,NA,NA,NA,NA,NA,NA,NA,NA,NA,NA
1920-10-01,5.9,NA,NA,NA,NA,NA,NA,NA,NA,NA,NA,NA,NA
1920-11-01,5.9,NA,NA,NA,NA,NA,NA,NA,NA,NA,NA,NA,NA
1920-12-01,5.9,NA,NA,NA,NA,NA,NA,NA,NA,NA,NA,NA,NA
1921-01-01,5.7,NA,NA,NA,NA,NA,NA,NA,NA,NA,NA,NA,NA
1921-02-01,5.4,NA,NA,NA,NA,NA,NA,NA,NA,NA,NA,NA,NA
1921-03-01,5.2,NA,NA,NA,NA,NA,NA,NA,NA,NA,NA,NA,NA
1921-04-01,5.3,NA,NA,NA,NA,NA,NA,NA,NA,NA,NA,NA,NA
1921-05-01,5.1,NA,NA,NA,NA,NA,NA,NA,NA,NA,NA,NA,NA
1921-06-01,5.1,NA,NA,NA,NA,NA,NA,NA,NA,NA,NA,NA,NA
1921-07-01,5.1,NA,NA,NA,NA,NA,NA,NA,NA,NA,NA,NA,NA
1921-08-01,5.1,NA,NA,NA,NA,NA,NA,NA,NA,NA,NA,NA,NA
1921-09-01,5,NA,NA,NA,NA,NA,NA,NA,NA,NA,NA,NA,NA
1921-10-01,5,NA,NA,NA,NA,NA,NA,NA,NA,NA,NA,NA,NA
1921-11-01,4.9,NA,NA,NA,NA,NA,NA,NA,NA,NA,NA,NA,NA
1921-12-01,4.7,NA,NA,NA,NA,NA,NA,NA,NA,NA,NA,NA,NA
1922-01-01,4.6,NA,NA,NA,NA,NA,NA,NA,NA,NA,NA,NA,NA
1922-02-01,4.5,NA,NA,NA,NA,NA,NA,NA,NA,NA,NA,NA,NA
1922-03-01,4.4,NA,NA,NA,NA,NA,NA,NA,NA,NA,NA,NA,NA
1922-04-01,4.4,NA,NA,NA,NA,NA,NA,NA,NA,NA,NA,NA,NA
1922-05-01,4.3,NA,NA,NA,NA,NA,NA,NA,NA,NA,NA,NA,NA
1922-06-01,4.2,NA,NA,NA,NA,NA,NA,NA,NA,NA,NA,NA,NA
1922-07-01,4.2,NA,NA,NA,NA,NA,NA,NA,NA,NA,NA,NA,NA
1922-08-01,4.2,NA,NA,NA,NA,NA,NA,NA,NA,NA,NA,NA,NA
1922-09-01,4.2,NA,NA,NA,NA,NA,NA,NA,NA,NA,NA,NA,NA
1922-10-01,4.1,NA,NA,NA,NA,NA,NA,NA,NA,NA,NA,NA,NA
1922-11-01,4.1,NA,NA,NA,NA,NA,NA,NA,NA,NA,NA,NA,NA
1922-12-01,4,NA,NA,NA,NA,NA,NA,NA,NA,NA,NA,NA,NA
1923-01-01,4,NA,NA,NA,NA,NA,NA,NA,NA,NA,NA,NA,NA
1923-02-01,4,NA,NA,NA,NA,NA,NA,NA,NA,NA,NA,NA,NA
1923-03-01,4,NA,NA,NA,NA,NA,NA,NA,NA,NA,NA,NA,NA
1923-04-01,4,NA,NA,NA,NA,NA,NA,NA,NA,NA,NA,NA,NA
1923-05-01,4,NA,NA,NA,NA,NA,NA,NA,NA,NA,NA,NA,NA
1923-06-01,4,NA,NA,NA,NA,NA,NA,NA,NA,NA,NA,NA,NA
1923-07-01,4,NA,NA,NA,NA,NA,NA,NA,NA,NA,NA,NA,NA
1923-08-01,4.1,NA,NA,NA,NA,NA,NA,NA,NA,NA,NA,NA,NA
1923-09-01,4,NA,NA,NA,NA,NA,NA,NA,NA,NA,NA,NA,NA
1923-10-01,4,NA,NA,NA,NA,NA,NA,NA,NA,NA,NA,NA,NA
1923-11-01,4.1,NA,NA,NA,NA,NA,NA,NA,NA,NA,NA,NA,NA
1923-12-01,4.1,NA,NA,NA,NA,NA,NA,NA,NA,NA,NA,NA,NA
1924-01-01,4.1,NA,NA,NA,NA,NA,NA,NA,NA,NA,NA,NA,NA
1924-02-01,4.2,NA,NA,NA,NA,NA,NA,NA,NA,NA,NA,NA,NA
1924-03-01,4.3,NA,NA,NA,NA,NA,NA,NA,NA,NA,NA,NA,NA
1924-04-01,4.3,NA,NA,NA,NA,NA,NA,NA,NA,NA,NA,NA,NA
1924-05-01,4.3,NA,NA,NA,NA,NA,NA,NA,NA,NA,NA,NA,NA
1924-06-01,4.4,NA,NA,NA,NA,NA,NA,NA,NA,NA,NA,NA,NA
1924-07-01,4.4,NA,NA,NA,NA,NA,NA,NA,NA,NA,NA,NA,NA
1924-08-01,4.5,NA,NA,NA,NA,NA,NA,NA,NA,NA,NA,NA,NA
1924-09-01,4.6,NA,NA,NA,NA,NA,NA,NA,NA,NA,NA,NA,NA
1924-10-01,4.6,NA,NA,NA,NA,NA,NA,NA,NA,NA,NA,NA,NA
1924-11-01,4.6,NA,NA,NA,NA,NA,NA,NA,NA,NA,NA,NA,NA
1924-12-01,4.7,NA,NA,NA,NA,NA,NA,NA,NA,NA,NA,NA,NA
1925-01-01,4.7,NA,NA,NA,NA,NA,NA,NA,NA,NA,NA,NA,NA
1925-02-01,4.8,NA,NA,NA,NA,NA,NA,NA,NA,NA,NA,NA,NA
1925-03-01,4.8,NA,NA,NA,NA,NA,NA,NA,NA,NA,NA,NA,NA
1925-04-01,4.7,NA,NA,NA,NA,NA,NA,NA,NA,NA,NA,NA,NA
1925-05-01,4.6,NA,NA,NA,NA,NA,NA,NA,NA,NA,NA,NA,NA
1925-06-01,4.6,NA,NA,NA,NA,NA,NA,NA,NA,NA,NA,NA,NA
1925-07-01,4.6,NA,NA,NA,NA,NA,NA,NA,NA,NA,NA,NA,NA
1925-08-01,4.5,NA,NA,NA,NA,NA,NA,NA,NA,NA,NA,NA,NA
1925-09-01,4.4,NA,NA,NA,NA,NA,NA,NA,NA,NA,NA,NA,NA
1925-10-01,4.2,NA,NA,NA,NA,NA,NA,NA,NA,NA,NA,NA,NA
1925-11-01,4.1,NA,NA,NA,NA,NA,NA,NA,NA,NA,NA,NA,NA
1925-12-01,4.1,NA,NA,NA,NA,NA,NA,NA,NA,NA,NA,NA,NA
1926-01-01,4,NA,NA,NA,NA,NA,NA,NA,NA,NA,NA,NA,NA
1926-02-01,4,NA,NA,NA,NA,NA,NA,NA,NA,NA,NA,NA,NA
1926-03-01,3.9,NA,NA,NA,NA,NA,NA,NA,NA,NA,NA,NA,NA
1926-04-01,3.9,NA,NA,NA,NA,NA,NA,NA,NA,NA,NA,NA,NA
1926-05-01,3.8,NA,NA,NA,NA,NA,NA,NA,NA,NA,NA,NA,NA
1926-06-01,3.8,NA,NA,NA,NA,NA,NA,NA,NA,NA,NA,NA,NA
1926-07-01,3.8,NA,NA,NA,NA,NA,NA,NA,NA,NA,NA,NA,NA
1926-08-01,3.8,NA,NA,NA,NA,NA,NA,NA,NA,NA,NA,NA,NA
1926-09-01,3.7,NA,NA,NA,NA,NA,NA,NA,NA,NA,NA,NA,NA
1926-10-01,3.7,NA,NA,NA,NA,NA,NA,NA,NA,NA,NA,NA,NA
1926-11-01,3.7,NA,NA,NA,NA,NA,NA,NA,NA,NA,NA,NA,NA
1926-12-01,3.6,NA,NA,NA,NA,NA,NA,NA,NA,NA,NA,NA,NA
1927-01-01,3.6,NA,NA,NA,NA,NA,NA,NA,NA,NA,NA,NA,NA
1927-02-01,3.6,NA,NA,NA,NA,NA,NA,NA,NA,NA,NA,NA,NA
1927-03-01,3.5,NA,NA,NA,NA,NA,NA,NA,NA,NA,NA,NA,NA
1927-04-01,3.4,NA,NA,NA,NA,NA,NA,NA,NA,NA,NA,NA,NA
1927-05-01,3.4,NA,NA,NA,NA,NA,NA,NA,NA,NA,NA,NA,NA
1927-06-01,3.4,NA,NA,NA,NA,NA,NA,NA,NA,NA,NA,NA,NA
1927-07-01,3.5,NA,NA,NA,NA,NA,NA,NA,NA,NA,NA,NA,NA
1927-08-01,3.4,NA,NA,NA,NA,NA,NA,NA,NA,NA,NA,NA,NA
1927-09-01,3.4,NA,NA,NA,NA,NA,NA,NA,NA,NA,NA,NA,NA
1927-10-01,3.4,NA,NA,NA,NA,NA,NA,NA,NA,NA,NA,NA,NA
1927-11-01,3.4,NA,NA,NA,NA,NA,NA,NA,NA,NA,NA,NA,NA
1927-12-01,3.4,NA,NA,NA,NA,NA,NA,NA,NA,NA,NA,NA,NA
1928-01-01,3.3,NA,NA,NA,NA,NA,NA,NA,NA,NA,NA,NA,NA
1928-02-01,3.3,NA,NA,NA,NA,NA,NA,NA,NA,NA,NA,NA,NA
1928-03-01,3.2,NA,NA,NA,NA,NA,NA,NA,NA,NA,NA,NA,NA
1928-04-01,3.2,NA,NA,NA,NA,NA,NA,NA,NA,NA,NA,NA,NA
1928-05-01,3.2,NA,NA,NA,NA,NA,NA,NA,NA,NA,NA,NA,NA
1928-06-01,3.2,NA,NA,NA,NA,NA,NA,NA,NA,NA,NA,NA,NA
1928-07-01,3.3,NA,NA,NA,NA,NA,NA,NA,NA,NA,NA,NA,NA
1928-08-01,3.2,NA,NA,NA,NA,NA,NA,NA,NA,NA,NA,NA,NA
1928-09-01,3.1,NA,NA,NA,NA,NA,NA,NA,NA,NA,NA,NA,NA
1928-10-01,3.1,NA,NA,NA,NA,NA,NA,NA,NA,NA,NA,NA,NA
1928-11-01,3.1,NA,NA,NA,NA,NA,NA,NA,NA,NA,NA,NA,NA
1928-12-01,3.1,NA,NA,NA,NA,NA,NA,NA,NA,NA,NA,NA,NA
1929-01-01,3.1,NA,NA,NA,NA,NA,NA,NA,NA,NA,NA,NA,NA
1929-02-01,3.1,NA,NA,NA,NA,NA,NA,NA,NA,NA,NA,NA,NA
1929-03-01,3.1,NA,NA,NA,NA,NA,NA,NA,NA,NA,NA,NA,NA
1929-04-01,3.1,NA,NA,NA,NA,NA,NA,NA,NA,NA,NA,NA,NA
1929-05-01,3.1,NA,NA,NA,NA,NA,NA,NA,NA,NA,NA,NA,NA
1929-06-01,3.1,NA,NA,NA,NA,NA,NA,NA,NA,NA,NA,NA,NA
1929-07-01,3.1,NA,NA,NA,NA,NA,NA,NA,NA,NA,NA,NA,NA
1929-08-01,3.1,NA,NA,NA,NA,NA,NA,NA,NA,NA,NA,NA,NA
1929-09-01,3.1,NA,NA,NA,NA,NA,NA,NA,NA,NA,NA,NA,NA
1929-10-01,3.1,NA,NA,NA,NA,NA,NA,NA,NA,NA,NA,NA,NA
1929-11-01,3.1,NA,NA,NA,NA,NA,NA,NA,NA,NA,NA,NA,NA
1929-12-01,3.1,NA,NA,NA,NA,NA,NA,NA,NA,NA,NA,NA,NA
1930-01-01,3,NA,NA,NA,NA,NA,NA,NA,NA,NA,NA,NA,NA
1930-02-01,3,NA,NA,NA,NA,NA,NA,NA,NA,NA,NA,NA,NA
1930-03-01,3,NA,NA,NA,NA,NA,NA,NA,NA,NA,NA,NA,NA
1930-04-01,3,NA,NA,NA,NA,NA,NA,NA,NA,NA,NA,NA,NA
1930-05-01,3,NA,NA,NA,NA,NA,NA,NA,NA,NA,NA,NA,NA
1930-06-01,3,NA,NA,NA,NA,NA,NA,NA,NA,NA,NA,NA,NA
1930-07-01,3,NA,NA,NA,NA,NA,NA,NA,NA,NA,NA,NA,NA
1930-08-01,3,NA,NA,NA,NA,NA,NA,NA,NA,NA,NA,NA,NA
1930-09-01,3,NA,NA,NA,NA,NA,NA,NA,NA,NA,NA,NA,NA
1930-10-01,2.9,NA,NA,NA,NA,NA,NA,NA,NA,NA,NA,NA,NA
1930-11-01,2.9,NA,NA,NA,NA,NA,NA,NA,NA,NA,NA,NA,NA
1930-12-01,2.9,NA,NA,NA,NA,NA,NA,NA,NA,NA,NA,NA,NA
1931-01-01,2.9,NA,NA,NA,NA,NA,NA,NA,NA,NA,NA,NA,NA
1931-02-01,2.9,NA,NA,NA,NA,NA,NA,NA,NA,NA,NA,NA,NA
1931-03-01,2.9,NA,NA,NA,NA,NA,NA,NA,NA,NA,NA,NA,NA
1931-04-01,2.9,NA,NA,NA,NA,NA,NA,NA,NA,NA,NA,NA,NA
1931-05-01,2.8,NA,NA,NA,NA,NA,NA,NA,NA,NA,NA,NA,NA
1931-06-01,2.8,NA,NA,NA,NA,NA,NA,NA,NA,NA,NA,NA,NA
1931-07-01,2.8,NA,NA,NA,NA,NA,NA,NA,NA,NA,NA,NA,NA
1931-08-01,2.8,NA,NA,NA,NA,NA,NA,NA,NA,NA,NA,NA,NA
1931-09-01,2.8,NA,NA,NA,NA,NA,NA,NA,NA,NA,NA,NA,NA
1931-10-01,2.8,NA,NA,NA,NA,NA,NA,NA,NA,NA,NA,NA,NA
1931-11-01,2.8,NA,NA,NA,NA,NA,NA,NA,NA,NA,NA,NA,NA
1931-12-01,2.8,NA,NA,NA,NA,NA,NA,NA,NA,NA,NA,NA,NA
1932-01-01,2.8,NA,NA,NA,NA,NA,NA,NA,NA,NA,NA,NA,NA
1932-02-01,2.8,NA,NA,NA,NA,NA,NA,NA,NA,NA,NA,NA,NA
1932-03-01,2.8,NA,NA,NA,NA,NA,NA,NA,NA,NA,NA,NA,NA
1932-04-01,2.8,NA,NA,NA,NA,NA,NA,NA,NA,NA,NA,NA,NA
1932-05-01,2.8,NA,NA,NA,NA,NA,NA,NA,NA,NA,NA,NA,NA
1932-06-01,2.8,NA,NA,NA,NA,NA,NA,NA,NA,NA,NA,NA,NA
1932-07-01,2.8,NA,NA,NA,NA,NA,NA,NA,NA,NA,NA,NA,NA
1932-08-01,2.8,NA,NA,NA,NA,NA,NA,NA,NA,NA,NA,NA,NA
1932-09-01,2.8,NA,NA,NA,NA,NA,NA,NA,NA,NA,NA,NA,NA
1932-10-01,2.8,NA,NA,NA,NA,NA,NA,NA,NA,NA,NA,NA,NA
1932-11-01,2.8,NA,NA,NA,NA,NA,NA,NA,NA,NA,NA,NA,NA
1932-12-01,2.8,NA,NA,NA,NA,NA,NA,NA,NA,NA,NA,NA,NA
1933-01-01,2.7,NA,NA,NA,NA,NA,NA,NA,NA,NA,NA,NA,NA
1933-02-01,2.7,NA,NA,NA,NA,NA,NA,NA,NA,NA,NA,NA,NA
1933-03-01,2.7,NA,NA,NA,NA,NA,NA,NA,NA,NA,NA,NA,NA
1933-04-01,2.7,NA,NA,NA,NA,NA,NA,NA,NA,NA,NA,NA,NA
1933-05-01,2.7,NA,NA,NA,NA,NA,NA,NA,NA,NA,NA,NA,NA
1933-06-01,2.7,NA,NA,NA,NA,NA,NA,NA,NA,NA,NA,NA,NA
1933-07-01,2.7,NA,NA,NA,NA,NA,NA,NA,NA,NA,NA,NA,NA
1933-08-01,2.8,NA,NA,NA,NA,NA,NA,NA,NA,NA,NA,NA,NA
1933-09-01,2.7,NA,NA,NA,NA,NA,NA,NA,NA,NA,NA,NA,NA
1933-10-01,2.7,NA,NA,NA,NA,NA,NA,NA,NA,NA,NA,NA,NA
1933-11-01,2.7,NA,NA,NA,NA,NA,NA,NA,NA,NA,NA,NA,NA
1933-12-01,2.7,NA,NA,NA,NA,NA,NA,NA,NA,NA,NA,NA,NA
1934-01-01,2.7,NA,NA,NA,NA,NA,NA,NA,NA,NA,NA,NA,NA
1934-02-01,2.7,NA,NA,NA,NA,NA,NA,NA,NA,NA,NA,NA,NA
1934-03-01,2.7,NA,NA,NA,NA,NA,NA,NA,NA,NA,NA,NA,NA
1934-04-01,2.7,NA,NA,NA,NA,NA,NA,NA,NA,NA,NA,NA,NA
1934-05-01,2.7,NA,NA,NA,NA,NA,NA,NA,NA,NA,NA,NA,NA
1934-06-01,2.7,NA,NA,NA,NA,NA,NA,NA,NA,NA,NA,NA,NA
1934-07-01,2.8,NA,NA,NA,NA,NA,NA,NA,NA,NA,NA,NA,NA
1934-08-01,2.8,NA,NA,NA,NA,NA,NA,NA,NA,NA,NA,NA,NA
1934-09-01,2.8,NA,NA,NA,NA,NA,NA,NA,NA,NA,NA,NA,NA
1934-10-01,2.8,NA,NA,NA,NA,NA,NA,NA,NA,NA,NA,NA,NA
1934-11-01,2.8,NA,NA,NA,NA,NA,NA,NA,NA,NA,NA,NA,NA
1934-12-01,2.8,NA,NA,NA,NA,NA,NA,NA,NA,NA,NA,NA,NA
1935-01-01,2.8,NA,NA,NA,NA,NA,NA,NA,NA,NA,NA,NA,NA
1935-02-01,2.8,NA,NA,NA,NA,NA,NA,NA,NA,NA,NA,NA,NA
1935-03-01,2.8,NA,NA,NA,NA,NA,NA,NA,NA,NA,NA,NA,NA
1935-04-01,2.8,NA,NA,NA,NA,NA,NA,NA,NA,NA,NA,NA,NA
1935-05-01,2.8,NA,NA,NA,NA,NA,NA,NA,NA,NA,NA,NA,NA
1935-06-01,2.8,NA,NA,NA,NA,NA,NA,NA,NA,NA,NA,NA,NA
1935-07-01,2.8,NA,NA,NA,NA,NA,NA,NA,NA,NA,NA,NA,NA
1935-08-01,2.8,NA,NA,NA,NA,NA,NA,NA,NA,NA,NA,NA,NA
1935-09-01,2.8,NA,NA,NA,NA,NA,NA,NA,NA,NA,NA,NA,NA
1935-10-01,2.8,NA,NA,NA,NA,NA,NA,NA,NA,NA,NA,NA,NA
1935-11-01,2.9,NA,NA,NA,NA,NA,NA,NA,NA,NA,NA,NA,NA
1935-12-01,2.9,NA,NA,NA,NA,NA,NA,NA,NA,NA,NA,NA,NA
1936-01-01,2.9,NA,NA,NA,NA,NA,NA,NA,NA,NA,NA,NA,NA
1936-02-01,2.9,NA,NA,NA,NA,NA,NA,NA,NA,NA,NA,NA,NA
1936-03-01,2.9,NA,NA,NA,NA,NA,NA,NA,NA,NA,NA,NA,NA
1936-04-01,2.9,NA,NA,NA,NA,NA,NA,NA,NA,NA,NA,NA,NA
1936-05-01,2.9,NA,NA,NA,NA,NA,NA,NA,NA,NA,NA,NA,NA
1936-06-01,2.9,NA,NA,NA,NA,NA,NA,NA,NA,NA,NA,NA,NA
1936-07-01,2.9,NA,NA,NA,NA,NA,NA,NA,NA,NA,NA,NA,NA
1936-08-01,2.9,NA,NA,NA,NA,NA,NA,NA,NA,NA,NA,NA,NA
1936-09-01,2.9,NA,NA,NA,NA,NA,NA,NA,NA,NA,NA,NA,NA
1936-10-01,2.9,NA,NA,NA,NA,NA,NA,NA,NA,NA,NA,NA,NA
1936-11-01,2.9,NA,NA,NA,NA,NA,NA,NA,NA,NA,NA,NA,NA
1936-12-01,2.9,NA,NA,NA,NA,NA,NA,NA,NA,NA,NA,NA,NA
1937-01-01,2.9,NA,NA,NA,NA,NA,NA,NA,NA,NA,NA,NA,NA
1937-02-01,2.9,NA,NA,NA,NA,NA,NA,NA,NA,NA,NA,NA,NA
1937-03-01,3,NA,NA,NA,NA,NA,NA,NA,NA,NA,NA,NA,NA
1937-04-01,3,NA,NA,NA,NA,NA,NA,NA,NA,NA,NA,NA,NA
1937-05-01,3,NA,NA,NA,NA,NA,NA,NA,NA,NA,NA,NA,NA
1937-06-01,3.1,NA,NA,NA,NA,NA,NA,NA,NA,NA,NA,NA,NA
1937-07-01,3.1,NA,NA,NA,NA,NA,NA,NA,NA,NA,NA,NA,NA
1937-08-01,3.1,NA,NA,NA,NA,NA,NA,NA,NA,NA,NA,NA,NA
1937-09-01,3.1,NA,NA,NA,NA,NA,NA,NA,NA,NA,NA,NA,NA
1937-10-01,3.2,NA,NA,NA,NA,NA,NA,NA,NA,NA,NA,NA,NA
1937-11-01,3.2,NA,NA,NA,NA,NA,NA,NA,NA,NA,NA,NA,NA
1937-12-01,3.2,NA,NA,NA,NA,NA,NA,NA,NA,NA,NA,NA,NA
1938-01-01,3.2,NA,NA,NA,NA,NA,NA,NA,NA,NA,NA,NA,NA
1938-02-01,3.2,NA,NA,NA,NA,NA,NA,NA,NA,NA,NA,NA,NA
1938-03-01,3.2,NA,NA,NA,NA,NA,NA,NA,NA,NA,NA,NA,NA
1938-04-01,3.2,NA,NA,NA,NA,NA,NA,NA,NA,NA,NA,NA,NA
1938-05-01,3.2,NA,NA,NA,NA,NA,NA,NA,NA,NA,NA,NA,NA
1938-06-01,3.2,NA,NA,NA,NA,NA,NA,NA,NA,NA,NA,NA,NA
1938-07-01,3.2,NA,NA,NA,NA,NA,NA,NA,NA,NA,NA,NA,NA
1938-08-01,3.2,NA,NA,NA,NA,NA,NA,NA,NA,NA,NA,NA,NA
1938-09-01,3.1,NA,NA,NA,NA,NA,NA,NA,NA,NA,NA,NA,NA
1938-10-01,3.1,NA,NA,NA,NA,NA,NA,NA,NA,NA,NA,NA,NA
1938-11-01,3.1,NA,NA,NA,NA,NA,NA,NA,NA,NA,NA,NA,NA
1938-12-01,3.1,NA,NA,NA,NA,NA,NA,NA,NA,NA,NA,NA,NA
1939-01-01,3.1,NA,NA,NA,NA,NA,NA,NA,NA,NA,NA,NA,NA
1939-02-01,3.1,NA,NA,NA,NA,NA,NA,NA,NA,NA,NA,NA,NA
1939-03-01,3.1,NA,NA,NA,NA,NA,NA,NA,NA,NA,NA,NA,NA
1939-04-01,3.2,NA,NA,NA,NA,NA,NA,NA,NA,NA,NA,NA,NA
1939-05-01,3.2,NA,NA,NA,NA,NA,NA,NA,NA,NA,NA,NA,NA
1939-06-01,3.2,NA,NA,NA,NA,NA,NA,NA,NA,NA,NA,NA,NA
1939-07-01,3.2,NA,NA,NA,NA,NA,NA,NA,NA,NA,NA,NA,NA
1939-08-01,3.2,NA,NA,NA,NA,NA,NA,NA,NA,NA,NA,NA,NA
1939-09-01,3.2,NA,NA,NA,NA,NA,NA,NA,NA,NA,NA,NA,NA
1939-10-01,3.3,NA,NA,NA,NA,NA,NA,NA,NA,NA,NA,NA,NA
1939-11-01,3.4,NA,NA,NA,NA,NA,NA,NA,NA,NA,NA,NA,NA
1939-12-01,3.4,NA,NA,NA,NA,NA,NA,NA,NA,NA,NA,NA,NA
1940-01-01,3.4,NA,NA,NA,NA,NA,NA,NA,NA,NA,NA,NA,NA
1940-02-01,3.4,NA,NA,NA,NA,NA,NA,NA,NA,NA,NA,NA,NA
1940-03-01,3.6,NA,NA,NA,NA,NA,NA,NA,NA,NA,NA,NA,NA
1940-04-01,3.6,NA,NA,NA,NA,NA,NA,NA,NA,NA,NA,NA,NA
1940-05-01,3.6,NA,NA,NA,NA,NA,NA,NA,NA,NA,NA,NA,NA
1940-06-01,3.6,NA,NA,NA,NA,NA,NA,NA,NA,NA,NA,NA,NA
1940-07-01,3.7,NA,NA,NA,NA,NA,NA,NA,NA,NA,NA,NA,NA
1940-08-01,3.7,NA,NA,NA,NA,NA,NA,NA,NA,NA,NA,NA,NA
1940-09-01,4,NA,NA,NA,NA,NA,NA,NA,NA,NA,NA,NA,NA
1940-10-01,4,NA,NA,NA,NA,NA,NA,NA,NA,NA,NA,NA,NA
1940-11-01,4,NA,NA,NA,NA,NA,NA,NA,NA,NA,NA,NA,NA
1940-12-01,4.1,NA,NA,NA,NA,NA,NA,NA,NA,NA,NA,NA,NA
1941-01-01,4.2,NA,NA,NA,NA,NA,NA,NA,NA,NA,NA,NA,NA
1941-02-01,4.2,NA,NA,NA,NA,NA,NA,NA,NA,NA,NA,NA,NA
1941-03-01,4.3,NA,NA,NA,NA,NA,NA,NA,NA,NA,NA,NA,NA
1941-04-01,4.3,NA,NA,NA,NA,NA,NA,NA,NA,NA,NA,NA,NA
1941-05-01,4.4,NA,NA,NA,NA,NA,NA,NA,NA,NA,NA,NA,NA
1941-06-01,4.4,NA,NA,NA,NA,NA,NA,NA,NA,NA,NA,NA,NA
1941-07-01,4.4,NA,NA,NA,NA,NA,NA,NA,NA,NA,NA,NA,NA
1941-08-01,4.5,NA,NA,NA,NA,NA,NA,NA,NA,NA,NA,NA,NA
1941-09-01,4.5,NA,NA,NA,NA,NA,NA,NA,NA,NA,NA,NA,NA
1941-10-01,4.5,NA,NA,NA,NA,NA,NA,NA,NA,NA,NA,NA,NA
1941-11-01,4.5,NA,NA,NA,NA,NA,NA,NA,NA,NA,NA,NA,NA
1941-12-01,4.6,NA,NA,NA,NA,NA,NA,NA,NA,NA,NA,NA,NA
1942-01-01,4.6,NA,NA,NA,NA,NA,NA,NA,NA,NA,NA,NA,NA
1942-02-01,4.6,NA,NA,NA,NA,NA,NA,NA,NA,NA,NA,NA,NA
1942-03-01,4.6,NA,NA,NA,NA,NA,NA,NA,NA,NA,NA,NA,NA
1942-04-01,4.6,NA,NA,NA,NA,NA,NA,NA,NA,NA,NA,NA,NA
1942-05-01,4.6,NA,NA,NA,NA,NA,NA,NA,NA,NA,NA,NA,NA
1942-06-01,4.7,NA,NA,NA,NA,NA,NA,NA,NA,NA,NA,NA,NA
1942-07-01,4.7,NA,NA,NA,NA,NA,NA,NA,NA,NA,NA,NA,NA
1942-08-01,4.7,NA,NA,NA,NA,NA,NA,NA,NA,NA,NA,NA,NA
1942-09-01,4.7,NA,NA,NA,NA,NA,NA,NA,NA,NA,NA,NA,NA
1942-10-01,4.7,NA,NA,NA,NA,NA,NA,NA,NA,NA,NA,NA,NA
1942-11-01,4.7,NA,NA,NA,NA,NA,NA,NA,NA,NA,NA,NA,NA
1942-12-01,4.7,NA,NA,NA,NA,NA,NA,NA,NA,NA,NA,NA,NA
1943-01-01,4.7,NA,NA,NA,NA,NA,NA,NA,NA,NA,NA,NA,NA
1943-02-01,4.8,NA,NA,NA,NA,NA,NA,NA,NA,NA,NA,NA,NA
1943-03-01,4.8,NA,NA,NA,NA,NA,NA,NA,NA,NA,NA,NA,NA
1943-04-01,4.8,NA,NA,NA,NA,NA,NA,NA,NA,NA,NA,NA,NA
1943-05-01,4.8,NA,NA,NA,NA,NA,NA,NA,NA,NA,NA,NA,NA
1943-06-01,4.8,NA,NA,NA,NA,NA,NA,NA,NA,NA,NA,NA,NA
1943-07-01,4.8,NA,NA,NA,NA,NA,NA,NA,NA,NA,NA,NA,NA
1943-08-01,4.8,NA,NA,NA,NA,NA,NA,NA,NA,NA,NA,NA,NA
1943-09-01,4.8,NA,NA,NA,NA,NA,NA,NA,NA,NA,NA,NA,NA
1943-10-01,4.8,NA,NA,NA,NA,NA,NA,NA,NA,NA,NA,NA,NA
1943-11-01,4.8,NA,NA,NA,NA,NA,NA,NA,NA,NA,NA,NA,NA
1943-12-01,4.8,NA,NA,NA,NA,NA,NA,NA,NA,NA,NA,NA,NA
1944-01-01,4.8,NA,NA,NA,NA,NA,NA,NA,NA,NA,NA,NA,NA
1944-02-01,4.8,NA,NA,NA,NA,NA,NA,NA,NA,NA,NA,NA,NA
1944-03-01,4.8,NA,NA,NA,NA,NA,NA,NA,NA,NA,NA,NA,NA
1944-04-01,4.9,NA,NA,NA,NA,NA,NA,NA,NA,NA,NA,NA,NA
1944-05-01,4.9,NA,NA,NA,NA,NA,NA,NA,NA,NA,NA,NA,NA
1944-06-01,4.9,NA,NA,NA,NA,NA,NA,NA,NA,NA,NA,NA,NA
1944-07-01,4.9,NA,NA,NA,NA,NA,NA,NA,NA,NA,NA,NA,NA
1944-08-01,4.9,NA,NA,NA,NA,NA,NA,NA,NA,NA,NA,NA,NA
1944-09-01,4.9,NA,NA,NA,NA,NA,NA,NA,NA,NA,NA,NA,NA
1944-10-01,4.9,NA,NA,NA,NA,NA,NA,NA,NA,NA,NA,NA,NA
1944-11-01,4.9,NA,NA,NA,NA,NA,NA,NA,NA,NA,NA,NA,NA
1944-12-01,4.9,NA,NA,NA,NA,NA,NA,NA,NA,NA,NA,NA,NA
1945-01-01,4.9,NA,NA,NA,NA,NA,NA,NA,NA,NA,NA,NA,NA
1945-02-01,4.9,NA,NA,NA,NA,NA,NA,NA,NA,NA,NA,NA,NA
1945-03-01,4.9,NA,NA,NA,NA,NA,NA,NA,NA,NA,NA,NA,NA
1945-04-01,4.9,NA,NA,NA,NA,NA,NA,NA,NA,NA,NA,NA,NA
1945-05-01,4.9,NA,NA,NA,NA,NA,NA,NA,NA,NA,NA,NA,NA
1945-06-01,4.9,NA,NA,NA,NA,NA,NA,NA,NA,NA,NA,NA,NA
1945-07-01,4.9,NA,NA,NA,NA,NA,NA,NA,NA,NA,NA,NA,NA
1945-08-01,5,NA,NA,NA,NA,NA,NA,NA,NA,NA,NA,NA,NA
1945-09-01,5,NA,NA,NA,NA,NA,NA,NA,NA,NA,NA,NA,NA
1945-10-01,4.9,NA,NA,NA,NA,NA,NA,NA,NA,NA,NA,NA,NA
1945-11-01,4.9,NA,NA,NA,NA,NA,NA,NA,NA,NA,NA,NA,NA
1945-12-01,5,NA,NA,NA,NA,NA,NA,NA,NA,NA,NA,NA,NA
1946-01-01,5,NA,NA,NA,NA,NA,NA,NA,NA,NA,NA,NA,NA
1946-02-01,5,NA,NA,NA,NA,NA,NA,NA,NA,NA,NA,NA,NA
1946-03-01,5,NA,NA,NA,NA,NA,NA,NA,NA,NA,NA,NA,NA
1946-04-01,5,NA,NA,NA,NA,NA,NA,NA,NA,NA,NA,NA,NA
1946-05-01,5,NA,NA,NA,NA,NA,NA,NA,NA,NA,NA,NA,NA
1946-06-01,5,NA,NA,NA,NA,NA,NA,NA,NA,NA,NA,NA,NA
1946-07-01,5.1,NA,NA,NA,NA,NA,NA,NA,NA,NA,NA,NA,NA
1946-08-01,5.1,NA,NA,NA,NA,NA,NA,NA,NA,NA,NA,NA,NA
1946-09-01,5.1,NA,NA,NA,NA,NA,NA,NA,NA,NA,NA,NA,NA
1946-10-01,5.1,NA,NA,NA,NA,NA,NA,NA,NA,NA,NA,NA,NA
1946-11-01,5.1,NA,NA,NA,NA,NA,NA,NA,NA,NA,NA,NA,NA
1946-12-01,5.1,NA,NA,NA,NA,NA,NA,NA,NA,NA,NA,NA,NA
1947-01-01,5.1,NA,NA,NA,NA,NA,NA,NA,NA,NA,NA,NA,NA
1947-02-01,5.1,NA,NA,NA,NA,NA,NA,NA,NA,NA,NA,NA,NA
1947-03-01,5.1,NA,NA,NA,NA,NA,NA,NA,NA,NA,NA,NA,NA
1947-04-01,5.1,NA,NA,NA,NA,NA,NA,NA,NA,NA,NA,NA,NA
1947-05-01,5.1,NA,NA,NA,NA,NA,NA,NA,NA,NA,NA,NA,NA
1947-06-01,5.1,NA,NA,NA,NA,NA,NA,NA,NA,NA,NA,NA,NA
1947-07-01,5.1,NA,NA,NA,NA,NA,NA,NA,NA,NA,NA,NA,NA
1947-08-01,5.1,NA,NA,NA,NA,NA,NA,NA,NA,NA,NA,NA,NA
1947-09-01,5,NA,NA,NA,NA,NA,NA,NA,NA,NA,NA,NA,NA
1947-10-01,5,NA,NA,NA,NA,NA,NA,NA,NA,NA,NA,NA,NA
1947-11-01,5,NA,NA,NA,NA,NA,NA,NA,NA,NA,NA,NA,NA
1947-12-01,5,NA,NA,NA,NA,NA,NA,NA,NA,NA,NA,NA,NA
1948-01-01,5,NA,NA,NA,NA,NA,NA,NA,NA,NA,NA,NA,NA
1948-02-01,5.1,NA,NA,NA,NA,NA,NA,NA,NA,NA,NA,NA,NA
1948-03-01,5.1,NA,NA,NA,NA,NA,NA,NA,NA,NA,NA,NA,NA
1948-04-01,5.1,NA,NA,NA,NA,NA,NA,NA,NA,NA,NA,NA,NA
1948-05-01,5.1,NA,NA,NA,NA,NA,NA,NA,NA,NA,NA,NA,NA
1948-06-01,5.1,NA,NA,NA,NA,NA,NA,NA,NA,NA,NA,NA,NA
1948-07-01,5.1,NA,NA,NA,NA,NA,NA,NA,NA,NA,NA,NA,NA
1948-08-01,5,NA,NA,NA,NA,NA,NA,NA,NA,NA,NA,NA,NA
1948-09-01,5,NA,NA,NA,NA,NA,NA,NA,NA,NA,NA,NA,NA
1948-10-01,5,NA,NA,NA,NA,NA,NA,NA,NA,NA,NA,NA,NA
1948-11-01,5,NA,NA,NA,NA,NA,NA,NA,NA,NA,NA,NA,NA
1948-12-01,5,NA,NA,NA,NA,NA,NA,NA,NA,NA,NA,NA,NA
1949-01-01,5,NA,NA,NA,NA,NA,NA,NA,NA,NA,NA,NA,NA
1949-02-01,5,NA,NA,NA,NA,NA,NA,NA,NA,NA,NA,NA,NA
1949-03-01,5,NA,NA,NA,NA,NA,NA,NA,NA,NA,NA,NA,NA
1949-04-01,5,NA,NA,NA,NA,NA,NA,NA,NA,NA,NA,NA,NA
1949-05-01,5.1,NA,NA,NA,NA,NA,NA,NA,NA,NA,NA,NA,NA
1949-06-01,5.1,NA,NA,NA,NA,NA,NA,NA,NA,NA,NA,NA,NA
1949-07-01,5.1,NA,NA,NA,NA,NA,NA,NA,NA,NA,NA,NA,NA
1949-08-01,5.1,NA,NA,NA,NA,NA,NA,NA,NA,NA,NA,NA,NA
1949-09-01,5.1,NA,NA,NA,NA,NA,NA,NA,NA,NA,NA,NA,NA
1949-10-01,5.1,NA,NA,NA,NA,NA,NA,NA,NA,NA,NA,NA,NA
1949-11-01,5.1,NA,NA,NA,NA,NA,NA,NA,NA,NA,NA,NA,NA
1949-12-01,5.1,NA,NA,NA,NA,NA,NA,NA,NA,NA,NA,NA,NA
1950-01-01,5.1,NA,NA,NA,NA,NA,NA,NA,NA,NA,NA,NA,NA
1950-02-01,5.1,NA,NA,NA,NA,NA,NA,NA,NA,NA,NA,NA,NA
1950-03-01,5.1,NA,NA,NA,NA,NA,NA,NA,NA,NA,NA,NA,NA
1950-04-01,5.2,NA,NA,NA,NA,NA,NA,NA,NA,NA,NA,NA,NA
1950-05-01,5.3,NA,NA,NA,NA,NA,NA,NA,NA,NA,NA,NA,NA
1950-06-01,5.3,NA,NA,NA,NA,NA,NA,NA,NA,NA,NA,NA,NA
1950-07-01,5.3,NA,NA,NA,NA,NA,NA,NA,NA,NA,NA,NA,NA
1950-08-01,5.3,NA,NA,NA,NA,NA,NA,NA,NA,NA,NA,NA,NA
1950-09-01,5.4,NA,NA,NA,NA,NA,NA,NA,NA,NA,NA,NA,NA
1950-10-01,5.5,NA,NA,NA,NA,NA,NA,NA,NA,NA,NA,NA,NA
1950-11-01,5.6,NA,NA,NA,NA,NA,NA,NA,NA,NA,NA,NA,NA
1950-12-01,5.6,NA,NA,NA,NA,NA,NA,NA,NA,NA,NA,NA,NA
1951-01-01,5.7,NA,NA,NA,NA,NA,NA,NA,NA,NA,NA,NA,NA
1951-02-01,5.7,NA,NA,NA,NA,NA,NA,NA,NA,NA,NA,NA,NA
1951-03-01,5.8,NA,NA,NA,NA,NA,NA,NA,NA,NA,NA,NA,NA
1951-04-01,6.1,NA,NA,NA,NA,NA,NA,NA,NA,NA,NA,NA,NA
1951-05-01,6.1,NA,NA,NA,NA,NA,NA,NA,NA,NA,NA,NA,NA
1951-06-01,6.3,NA,NA,NA,NA,NA,NA,NA,NA,NA,NA,NA,NA
1951-07-01,6.3,NA,NA,NA,NA,NA,NA,NA,NA,NA,NA,NA,NA
1951-08-01,6.3,NA,NA,NA,NA,NA,NA,NA,NA,NA,NA,NA,NA
1951-09-01,6.4,NA,NA,NA,NA,NA,NA,NA,NA,NA,NA,NA,NA
1951-10-01,6.3,NA,NA,NA,NA,NA,NA,NA,NA,NA,NA,NA,NA
1951-11-01,6.4,NA,NA,NA,NA,NA,NA,NA,NA,NA,NA,NA,NA
1951-12-01,6.4,NA,NA,NA,NA,NA,NA,NA,NA,NA,NA,NA,NA
1952-01-01,6.5,NA,NA,NA,NA,NA,NA,NA,NA,NA,NA,NA,NA
1952-02-01,6.6,NA,NA,NA,NA,NA,NA,NA,NA,NA,NA,NA,NA
1952-03-01,6.6,NA,NA,NA,NA,NA,NA,NA,NA,NA,NA,NA,NA
1952-04-01,6.6,NA,NA,NA,NA,NA,NA,NA,NA,NA,NA,NA,NA
1952-05-01,6.6,NA,NA,NA,NA,NA,NA,NA,NA,NA,NA,NA,NA
1952-06-01,6.7,NA,NA,NA,NA,NA,NA,NA,NA,NA,NA,NA,NA
1952-07-01,6.8,NA,NA,NA,NA,NA,NA,NA,NA,NA,NA,NA,NA
1952-08-01,6.8,NA,NA,NA,NA,NA,NA,NA,NA,NA,NA,NA,NA
1952-09-01,6.9,NA,NA,NA,NA,NA,NA,NA,NA,NA,NA,NA,NA
1952-10-01,6.9,NA,NA,NA,NA,NA,NA,NA,NA,NA,NA,NA,NA
1952-11-01,6.9,NA,NA,NA,NA,NA,NA,NA,NA,NA,NA,NA,NA
1952-12-01,6.8,NA,NA,NA,NA,NA,NA,NA,NA,NA,NA,NA,NA
1953-01-01,6.8,NA,NA,NA,NA,NA,NA,NA,NA,NA,NA,NA,NA
1953-02-01,6.8,NA,NA,NA,NA,NA,NA,NA,NA,NA,NA,NA,NA
1953-03-01,6.8,NA,NA,NA,NA,NA,NA,NA,NA,NA,NA,NA,NA
1953-04-01,6.8,NA,NA,NA,NA,NA,NA,NA,NA,NA,NA,NA,NA
1953-05-01,6.8,NA,NA,NA,NA,NA,NA,NA,NA,NA,NA,NA,NA
1953-06-01,6.9,NA,NA,NA,NA,NA,NA,NA,NA,NA,NA,NA,NA
1953-07-01,6.9,NA,NA,NA,NA,NA,NA,NA,NA,NA,NA,NA,NA
1953-08-01,6.9,NA,NA,NA,NA,NA,NA,NA,NA,NA,NA,NA,NA
1953-09-01,6.9,NA,NA,NA,NA,NA,NA,NA,NA,NA,NA,NA,NA
1953-10-01,6.9,NA,NA,NA,NA,NA,NA,NA,NA,NA,NA,NA,NA
1953-11-01,6.9,NA,NA,NA,NA,NA,NA,NA,NA,NA,NA,NA,NA
1953-12-01,6.9,NA,NA,NA,NA,NA,NA,NA,NA,NA,NA,NA,NA
1954-01-01,6.9,NA,NA,NA,NA,NA,NA,NA,NA,NA,NA,NA,NA
1954-02-01,6.9,NA,NA,NA,NA,NA,NA,NA,NA,NA,NA,NA,NA
1954-03-01,7,NA,NA,NA,NA,NA,NA,NA,NA,NA,NA,NA,NA
1954-04-01,7,NA,NA,NA,NA,NA,NA,NA,NA,NA,NA,NA,NA
1954-05-01,7.1,NA,NA,NA,NA,NA,NA,NA,NA,NA,NA,NA,NA
1954-06-01,7.1,NA,NA,NA,NA,NA,NA,NA,NA,NA,NA,NA,NA
1954-07-01,7.3,NA,NA,NA,NA,NA,NA,NA,NA,NA,NA,NA,NA
1954-08-01,7.3,NA,NA,NA,NA,NA,NA,NA,NA,NA,NA,NA,NA
1954-09-01,7.3,NA,NA,NA,NA,NA,NA,NA,NA,NA,NA,NA,NA
1954-10-01,7.2,NA,NA,NA,NA,NA,NA,NA,NA,NA,NA,NA,NA
1954-11-01,7.2,NA,NA,NA,NA,NA,NA,NA,NA,NA,NA,NA,NA
1954-12-01,7.2,NA,NA,NA,NA,NA,NA,NA,NA,NA,NA,NA,NA
1955-01-01,7.2,NA,NA,NA,NA,NA,NA,NA,NA,NA,NA,NA,NA
1955-02-01,7.2,NA,NA,NA,NA,NA,NA,NA,NA,NA,NA,NA,NA
1955-03-01,7.2,NA,NA,NA,NA,NA,NA,NA,NA,NA,NA,NA,NA
1955-04-01,7.2,NA,NA,NA,NA,NA,NA,NA,NA,NA,NA,NA,NA
1955-05-01,7.2,NA,NA,NA,NA,NA,NA,NA,NA,NA,NA,NA,NA
1955-06-01,7.2,NA,NA,NA,NA,NA,NA,NA,NA,NA,NA,NA,NA
1955-07-01,7.2,NA,NA,NA,NA,NA,NA,NA,NA,NA,NA,NA,NA
1955-08-01,7.2,NA,NA,NA,NA,NA,NA,NA,NA,NA,NA,NA,NA
1955-09-01,7.2,NA,NA,NA,NA,NA,NA,NA,NA,NA,NA,NA,NA
1955-10-01,7.2,NA,NA,NA,NA,NA,NA,NA,NA,NA,NA,NA,NA
1955-11-01,7.2,NA,NA,NA,NA,NA,NA,NA,NA,NA,NA,NA,NA
1955-12-01,7.2,NA,NA,NA,NA,NA,NA,NA,NA,NA,NA,NA,NA
1956-01-01,7.2,NA,NA,NA,NA,NA,NA,NA,NA,NA,NA,NA,NA
1956-02-01,7.3,NA,NA,NA,NA,NA,NA,NA,NA,NA,NA,NA,NA
1956-03-01,7.3,NA,NA,NA,NA,NA,NA,NA,NA,NA,NA,NA,NA
1956-04-01,7.4,NA,NA,NA,NA,NA,NA,NA,NA,NA,NA,NA,NA
1956-05-01,7.6,NA,NA,NA,NA,NA,NA,NA,NA,NA,NA,NA,NA
1956-06-01,7.6,NA,NA,NA,NA,NA,NA,NA,NA,NA,NA,NA,NA
1956-07-01,7.7,NA,NA,NA,NA,NA,NA,NA,NA,NA,NA,NA,NA
1956-08-01,7.6,NA,NA,NA,NA,NA,NA,NA,NA,NA,NA,NA,NA
1956-09-01,7.5,NA,NA,NA,NA,NA,NA,NA,NA,NA,NA,NA,NA
1956-10-01,7.5,NA,NA,NA,NA,NA,NA,NA,NA,NA,NA,NA,NA
1956-11-01,7.5,NA,NA,NA,NA,NA,NA,NA,NA,NA,NA,NA,NA
1956-12-01,7.6,NA,NA,NA,NA,NA,NA,NA,NA,NA,NA,NA,NA
1957-01-01,7.6,NA,NA,NA,NA,NA,NA,NA,NA,NA,NA,111553300,63186610.00000001
1957-02-01,7.6,NA,NA,NA,NA,NA,NA,NA,NA,NA,NA,105653300,71575840
1957-03-01,7.7,NA,NA,NA,NA,NA,NA,NA,NA,NA,NA,111916400,74485490
1957-04-01,7.7,NA,NA,NA,NA,NA,NA,NA,NA,NA,NA,121356100,69345400
1957-05-01,7.7,NA,NA,NA,NA,NA,NA,NA,NA,NA,NA,105248800,65984660
1957-06-01,7.7,NA,NA,NA,NA,NA,NA,NA,NA,NA,NA,101884000,61343440
1957-07-01,7.7,NA,NA,NA,NA,NA,NA,NA,NA,NA,NA,106697200,73554780
1957-08-01,7.7,NA,NA,NA,NA,NA,NA,NA,NA,NA,NA,106408600,71780240
1957-09-01,7.7,NA,NA,NA,NA,NA,NA,NA,NA,NA,NA,103755800,64102250
1957-10-01,7.7,NA,NA,NA,NA,NA,NA,NA,NA,NA,NA,86911670,73535630
1957-11-01,7.7,NA,NA,NA,NA,NA,NA,NA,NA,NA,NA,108309500,62003370
1957-12-01,7.7,NA,NA,NA,NA,NA,NA,NA,NA,NA,NA,104272400,69323040
1958-01-01,7.8,NA,NA,NA,NA,NA,NA,NA,NA,NA,NA,97807640,65187190.00000001
1958-02-01,7.8,NA,NA,NA,NA,NA,NA,NA,NA,NA,NA,105952500,60493070
1958-03-01,7.9,NA,NA,NA,NA,NA,NA,NA,NA,NA,NA,107952700,60591480
1958-04-01,8,NA,NA,NA,NA,NA,NA,NA,NA,NA,NA,113686000,62687580.00000001
1958-05-01,8.1,NA,NA,NA,NA,NA,NA,NA,NA,NA,NA,122258500,63637929.99999999
1958-06-01,8.1,NA,NA,NA,NA,NA,NA,NA,NA,NA,NA,94980560,57789690
1958-07-01,8.2,NA,NA,NA,NA,NA,NA,NA,NA,NA,NA,116638600,60313830
1958-08-01,8.2,NA,NA,NA,NA,NA,NA,NA,NA,NA,NA,106491400,61871800
1958-09-01,8.3,NA,NA,NA,NA,NA,NA,NA,NA,NA,NA,113619300,66521029.99999999
1958-10-01,8.2,NA,NA,NA,NA,NA,NA,NA,NA,NA,NA,100509600,64443329.99999999
1958-11-01,8.2,NA,NA,NA,NA,NA,NA,NA,NA,NA,NA,122115900,66180960
1958-12-01,8.2,NA,NA,NA,NA,NA,NA,NA,NA,NA,NA,107991600,57704090
1959-01-01,8.3,NA,NA,NA,NA,NA,NA,NA,NA,NA,NA,100935100,59326070
1959-02-01,8.3,NA,NA,NA,NA,NA,NA,NA,NA,NA,NA,114228700,64832600.00000001
1959-03-01,8.2,NA,NA,NA,NA,NA,NA,NA,NA,NA,NA,127837100,68044340
1959-04-01,8.2,NA,NA,NA,NA,NA,NA,NA,NA,NA,NA,102492200,68843190
1959-05-01,8.2,NA,NA,NA,NA,NA,NA,NA,NA,NA,NA,97039700,69399210
1959-06-01,8.2,NA,NA,NA,NA,NA,NA,NA,NA,NA,NA,104002600,62164820
1959-07-01,8.3,NA,NA,NA,NA,NA,NA,NA,NA,NA,NA,124731300,69933710
1959-08-01,8.3,NA,NA,NA,NA,NA,NA,NA,NA,NA,NA,131983800,64903530
1959-09-01,8.3,NA,NA,NA,NA,NA,NA,NA,NA,NA,NA,99583350,72802040
1959-10-01,8.3,NA,NA,NA,NA,NA,NA,NA,NA,NA,NA,116774200,66525200.00000001
1959-11-01,8.3,NA,NA,NA,NA,NA,NA,NA,NA,NA,NA,97743390,68229010
1959-12-01,8.3,NA,NA,NA,NA,NA,NA,NA,NA,NA,NA,109367900,74265300
1960-01-01,8.3,NA,NA,NA,NA,NA,NA,NA,NA,NA,NA,115581800,71151330
1960-02-01,8.3,NA,NA,NA,NA,NA,NA,NA,NA,NA,NA,124857100,70255910
1960-03-01,8.3,NA,NA,NA,NA,NA,NA,NA,NA,NA,NA,112145700,75140920
1960-04-01,8.3,NA,NA,NA,NA,NA,NA,NA,NA,NA,NA,129983100,75531950
1960-05-01,8.3,NA,NA,NA,NA,NA,NA,NA,NA,NA,NA,116683900,72439870
1960-06-01,8.3,NA,NA,NA,NA,NA,NA,NA,NA,NA,NA,125539600,74389790
1960-07-01,8.3,NA,NA,NA,NA,NA,NA,NA,NA,NA,NA,114967900,71553150
1960-08-01,8.3,NA,NA,NA,NA,NA,NA,NA,NA,NA,NA,124389200,73872630
1960-09-01,8.3,NA,NA,NA,NA,NA,NA,NA,NA,NA,NA,131065600,70283370
1960-10-01,8.3,NA,NA,NA,NA,NA,NA,NA,NA,NA,NA,117511200,70799340
1960-11-01,8.3,NA,NA,NA,NA,NA,NA,NA,NA,NA,NA,123168500,75515380
1960-12-01,8.3,NA,NA,NA,NA,NA,NA,NA,NA,NA,NA,129688800,78792550
1961-01-01,8.3,NA,NA,NA,NA,NA,NA,NA,NA,NA,NA,128910600,76690420
1961-02-01,8.3,NA,NA,NA,NA,NA,NA,NA,NA,NA,NA,142390400,72090890
1961-03-01,8.4,NA,NA,NA,NA,NA,NA,NA,NA,NA,NA,118979600,81369270
1961-04-01,8.4,NA,NA,NA,NA,NA,NA,NA,NA,NA,NA,139921800,71594590
1961-05-01,8.4,NA,NA,NA,NA,NA,NA,NA,NA,NA,NA,140346100,73913300
1961-06-01,8.4,NA,NA,NA,NA,NA,NA,NA,NA,NA,NA,152051900,76702420
1961-07-01,8.4,NA,NA,NA,NA,NA,NA,NA,NA,NA,NA,152256700,76260160
1961-08-01,8.5,NA,NA,NA,NA,NA,NA,NA,NA,NA,NA,138716600,91922950
1961-09-01,8.6,NA,NA,NA,NA,NA,NA,NA,NA,NA,NA,126827100,82574820
1961-10-01,8.7,NA,NA,NA,NA,NA,NA,NA,NA,NA,NA,121368400,78764440
1961-11-01,8.7,NA,NA,NA,NA,NA,NA,NA,NA,NA,NA,136869600,77639940
1961-12-01,8.7,NA,NA,NA,NA,NA,NA,NA,NA,NA,NA,122066500,73919250
1962-01-01,8.7,NA,NA,NA,NA,NA,NA,NA,NA,NA,NA,140037400,82376350
1962-02-01,8.7,NA,NA,NA,NA,NA,NA,NA,NA,NA,NA,132224800,77534180
1962-03-01,8.8,NA,NA,NA,NA,NA,NA,NA,NA,NA,NA,138085000,78783060
1962-04-01,8.9,NA,NA,NA,NA,NA,NA,NA,NA,NA,NA,127784100,79320480
1962-05-01,8.9,NA,NA,NA,NA,NA,NA,NA,NA,NA,NA,142712700,74152190
1962-06-01,8.9,NA,NA,NA,NA,NA,NA,NA,NA,NA,NA,133706000,79888730
1962-07-01,9,NA,NA,NA,NA,NA,NA,NA,NA,NA,NA,134266600,84245510
1962-08-01,9,NA,NA,NA,NA,NA,NA,NA,NA,NA,NA,130268600,82887020
1962-09-01,9.1,NA,NA,NA,NA,NA,NA,NA,NA,NA,NA,150283300,82979830
1962-10-01,9,NA,NA,NA,NA,NA,NA,NA,NA,NA,NA,146301600,86792770
1962-11-01,9,NA,NA,NA,NA,NA,NA,NA,NA,NA,NA,141424300,81127430
1962-12-01,9.1,NA,NA,NA,NA,NA,NA,NA,NA,NA,NA,142474100,81530850
1963-01-01,9.1,NA,NA,NA,NA,NA,NA,NA,NA,NA,NA,154924400,82029810
1963-02-01,9.2,NA,NA,NA,NA,NA,NA,NA,NA,NA,NA,130592000,81820440
1963-03-01,9.2,NA,NA,NA,NA,NA,NA,NA,NA,NA,NA,142092600,81994300
1963-04-01,9.2,NA,NA,NA,NA,NA,NA,NA,NA,NA,NA,153364500,84943390
1963-05-01,9.1,NA,NA,NA,NA,NA,NA,NA,NA,NA,NA,150934300,84756340
1963-06-01,9.1,NA,NA,NA,NA,NA,NA,NA,NA,NA,NA,159927100,85334480
1963-07-01,9.2,NA,NA,NA,NA,NA,NA,NA,NA,NA,NA,151095400,88729400
1963-08-01,9.1,NA,NA,NA,NA,NA,NA,NA,NA,NA,NA,150484900,90364640
1963-09-01,9.1,NA,NA,NA,NA,NA,NA,NA,NA,NA,NA,147288000,95051330
1963-10-01,9.1,NA,NA,NA,NA,NA,NA,NA,NA,NA,NA,151431200,99514450
1963-11-01,9.2,NA,NA,NA,NA,NA,NA,NA,NA,NA,NA,144382800,94522190
1963-12-01,9.2,NA,NA,NA,NA,NA,NA,NA,NA,NA,NA,179300200,100620700
1964-01-01,9.4,NA,NA,NA,NA,NA,NA,NA,NA,NA,NA,162461500,95783300
1964-02-01,9.5,NA,NA,NA,NA,NA,NA,NA,NA,NA,NA,154816700,106038800
1964-03-01,9.5,NA,NA,NA,NA,NA,NA,NA,NA,NA,NA,151619600,96682710
1964-04-01,9.6,NA,NA,NA,NA,NA,NA,NA,NA,NA,NA,143632600,101615700
1964-05-01,9.6,NA,NA,NA,NA,NA,NA,NA,NA,NA,NA,146009700,113428800
1964-06-01,9.6,NA,NA,NA,NA,NA,NA,NA,NA,NA,NA,173361000,111854100
1964-07-01,9.7,NA,NA,NA,NA,NA,NA,NA,NA,NA,NA,164323200,109490800
1964-08-01,9.8,NA,NA,NA,NA,NA,NA,NA,NA,NA,NA,176145900,104599400
1964-09-01,9.9,NA,NA,NA,NA,NA,NA,NA,NA,NA,NA,162511200,115347800
1964-10-01,9.8,NA,NA,NA,NA,NA,NA,NA,NA,NA,NA,174394600,104077600
1964-11-01,9.9,NA,NA,NA,NA,NA,NA,NA,NA,NA,NA,177162100,118695500
1964-12-01,9.9,NA,NA,NA,NA,NA,NA,NA,NA,NA,NA,185848400,106464900
1965-01-01,9.9,NA,NA,NA,NA,NA,NA,NA,NA,NA,NA,174072900,113903800
1965-02-01,9.9,NA,NA,NA,NA,NA,NA,NA,NA,NA,NA,172683300,107229800
1965-03-01,10.1,NA,NA,NA,NA,NA,NA,NA,NA,NA,NA,178362100,117837000
1965-04-01,10.1,NA,NA,NA,NA,NA,NA,NA,NA,NA,NA,197068800,111528500
1965-05-01,10.1,NA,NA,NA,NA,NA,NA,NA,NA,NA,NA,172667900,118731200
1965-06-01,10.1,NA,NA,NA,NA,NA,NA,NA,NA,NA,NA,186164100,131040300
1965-07-01,10.2,NA,NA,NA,NA,NA,NA,NA,NA,NA,NA,182831000,128850400
1965-08-01,10.1,NA,NA,NA,NA,NA,NA,NA,NA,NA,NA,178166900,118072700
1965-09-01,10.2,NA,NA,NA,NA,NA,NA,NA,NA,NA,NA,205535700,114640700
1965-10-01,10.1,NA,NA,NA,NA,NA,NA,NA,NA,NA,NA,182245600,127174200
1965-11-01,10.2,NA,NA,NA,NA,NA,NA,NA,NA,NA,NA,186845800,121844300
1965-12-01,10.2,NA,NA,NA,NA,NA,NA,NA,NA,NA,NA,184660400,128315300
1966-01-01,10.2,NA,NA,NA,NA,NA,NA,NA,NA,NA,NA,198337700,129774000
1966-02-01,10.2,NA,NA,NA,NA,NA,NA,NA,NA,NA,NA,173715200,119210500
1966-03-01,10.3,NA,NA,NA,NA,NA,NA,NA,NA,NA,NA,192701800,128973300
1966-04-01,10.3,NA,NA,NA,NA,NA,NA,NA,NA,NA,NA,178716300,125510100
1966-05-01,10.3,NA,NA,NA,NA,NA,NA,NA,NA,NA,NA,187775100,128387200
1966-06-01,10.3,NA,NA,NA,NA,NA,NA,NA,NA,NA,NA,188698600,132694700
1966-07-01,10.5,NA,NA,NA,NA,NA,NA,NA,NA,NA,NA,199415600,136762800
1966-08-01,10.5,NA,NA,NA,NA,NA,NA,NA,NA,NA,NA,190828600,127595900
1966-09-01,10.5,NA,NA,NA,NA,NA,NA,NA,NA,NA,NA,198667100,135532200
1966-10-01,10.6,NA,NA,NA,NA,NA,NA,NA,NA,NA,NA,235522600,125328900
1966-11-01,10.6,NA,NA,NA,NA,NA,NA,NA,NA,NA,NA,193116100,141013500
1966-12-01,10.6,NA,NA,NA,NA,NA,NA,NA,NA,NA,NA,262167300,132537500
1967-01-01,10.7,NA,NA,NA,NA,NA,NA,NA,NA,NA,NA,211585800,140475900
1967-02-01,10.7,NA,NA,NA,NA,NA,NA,NA,NA,NA,NA,245167700,132592400
1967-03-01,10.7,NA,NA,NA,NA,NA,NA,NA,NA,NA,NA,242465800,132199200
1967-04-01,10.7,NA,NA,NA,NA,NA,NA,NA,NA,NA,NA,229293200,147497900
1967-05-01,10.8,NA,NA,NA,NA,NA,NA,NA,NA,NA,NA,212049300,147160800
1967-06-01,10.9,NA,NA,NA,NA,NA,NA,NA,NA,NA,NA,223202900,144877400
1967-07-01,11,NA,NA,NA,NA,NA,NA,NA,NA,NA,NA,236043600,140718100
1967-08-01,11,NA,NA,NA,NA,NA,NA,NA,NA,NA,NA,228379800,153342000
1967-09-01,11,NA,NA,NA,NA,NA,NA,NA,NA,NA,NA,235995600,139520500
1967-10-01,11,NA,NA,NA,NA,NA,NA,NA,NA,NA,NA,242420700,144471100
1967-11-01,11,NA,NA,NA,NA,NA,NA,NA,NA,NA,NA,235740000,156761200
1967-12-01,11.1,NA,NA,NA,NA,NA,NA,NA,NA,NA,NA,207665600,158414000
1968-01-01,11.1,NA,NA,NA,NA,NA,NA,NA,NA,NA,NA,223274300,141824900
1968-02-01,11.1,NA,NA,NA,NA,NA,NA,NA,NA,NA,NA,209215000,154690300
1968-03-01,11.2,NA,NA,NA,NA,NA,NA,NA,NA,NA,NA,238062900,153697500
1968-04-01,11.2,NA,NA,NA,NA,NA,NA,NA,NA,NA,NA,235158100,154132300
1968-05-01,11.2,NA,NA,NA,NA,NA,NA,NA,NA,NA,NA,232300400,157824200
1968-06-01,11.2,NA,NA,NA,NA,NA,NA,NA,NA,NA,NA,220442100,168661000
1968-07-01,11.3,NA,NA,NA,NA,NA,NA,NA,NA,NA,NA,194268200,143343300
1968-08-01,11.3,NA,NA,NA,NA,NA,NA,NA,NA,NA,NA,253605000.00000003,171190000
1968-09-01,11.3,NA,NA,NA,NA,NA,NA,NA,NA,NA,NA,228027000,158835000
1968-10-01,11.4,NA,NA,NA,NA,NA,NA,NA,NA,NA,NA,222835800,174249500
1968-11-01,11.4,NA,NA,NA,NA,NA,NA,NA,NA,NA,NA,231136300,181241800
1968-12-01,11.4,NA,NA,NA,NA,NA,NA,NA,NA,NA,NA,209520400,169918100
1969-01-01,11.4,NA,NA,NA,NA,NA,NA,NA,NA,NA,NA,230803700,185468500
1969-02-01,11.5,NA,NA,NA,NA,NA,NA,NA,NA,NA,NA,218598900,189179700
1969-03-01,11.5,NA,NA,NA,NA,NA,NA,NA,NA,NA,NA,225640300,188463900
1969-04-01,11.5,NA,NA,NA,NA,NA,NA,NA,NA,NA,NA,222316600,186389700
1969-05-01,11.5,NA,NA,NA,NA,NA,NA,NA,NA,NA,NA,246391100,181743100
1969-06-01,11.6,NA,NA,NA,NA,NA,NA,NA,NA,NA,NA,224457900,181465300
1969-07-01,11.7,NA,NA,NA,NA,NA,NA,NA,NA,NA,NA,246966000,179679000
1969-08-01,11.6,NA,NA,NA,NA,NA,NA,NA,NA,NA,NA,246999100,181943800
1969-09-01,11.7,NA,NA,NA,NA,NA,NA,NA,NA,NA,NA,252222100,186049200
1969-10-01,11.7,NA,NA,NA,NA,NA,NA,NA,NA,NA,NA,230370400,174197700
1969-11-01,11.7,NA,NA,NA,NA,NA,NA,NA,NA,NA,NA,283123200,187112100
1969-12-01,11.8,NA,NA,NA,NA,NA,NA,NA,NA,NA,NA,305214300,179951900
1970-01-01,12.4,NA,NA,NA,NA,NA,NA,NA,NA,NA,NA,264711099.99999997,198476000
1970-02-01,12.5,NA,NA,NA,NA,NA,NA,NA,NA,NA,NA,290638700,198266300
1970-03-01,12.6,NA,NA,NA,NA,NA,NA,NA,NA,NA,NA,284844000,187814400
1970-04-01,12.6,NA,NA,NA,NA,NA,NA,NA,NA,NA,NA,274710900,213572500
1970-05-01,12.7,NA,NA,NA,NA,NA,NA,NA,NA,NA,NA,308833400,201247300
1970-06-01,12.7,NA,NA,NA,NA,NA,NA,NA,NA,NA,NA,300633300,201433400
1970-07-01,12.9,NA,NA,NA,NA,NA,NA,NA,NA,NA,NA,282965700,181810400
1970-08-01,12.9,NA,NA,NA,NA,NA,NA,NA,NA,NA,NA,317102500,207191300
1970-09-01,13,NA,NA,NA,NA,NA,NA,NA,NA,NA,NA,290930900,238134100
1970-10-01,13.1,NA,NA,NA,NA,NA,NA,NA,NA,NA,NA,379895400,212577900
1970-11-01,13.2,NA,NA,NA,NA,NA,NA,NA,NA,NA,NA,372083300,199730300
1970-12-01,13.3,NA,NA,NA,NA,NA,NA,NA,NA,NA,NA,315049800,207214300
1971-01-01,13.4,NA,NA,NA,NA,NA,NA,NA,NA,NA,NA,322619700,196322500
1971-02-01,13.4,NA,NA,NA,NA,NA,NA,NA,NA,NA,NA,294004600,183932300
1971-03-01,13.5,NA,NA,NA,NA,NA,NA,NA,NA,NA,NA,298034500,223411700
1971-04-01,13.5,NA,NA,NA,NA,NA,NA,NA,NA,NA,NA,342638400,201048300
1971-05-01,13.5,NA,NA,NA,NA,NA,NA,NA,NA,NA,NA,345029500,200116400
1971-06-01,13.6,NA,NA,NA,NA,NA,NA,NA,NA,NA,NA,355165200,218851400
1971-07-01,13.7,NA,NA,NA,NA,NA,NA,NA,NA,NA,NA,370421200,210361600
1971-08-01,13.7,NA,NA,NA,NA,NA,NA,NA,NA,NA,NA,290879800,205765200
1971-09-01,13.7,NA,NA,NA,NA,NA,NA,NA,NA,NA,NA,390764500,224441500
1971-10-01,13.9,NA,NA,NA,NA,NA,NA,NA,NA,NA,NA,332208500,204842600
1971-11-01,13.9,NA,NA,NA,NA,NA,NA,NA,NA,NA,NA,354297300,228239100
1971-12-01,14,NA,NA,NA,NA,NA,NA,NA,NA,NA,NA,370651700,249279500
1972-01-01,14.2,NA,NA,NA,NA,NA,NA,NA,NA,NA,NA,336799100,230005100
1972-02-01,14.2,NA,NA,NA,NA,NA,NA,NA,NA,NA,NA,334902000,233202500
1972-03-01,14.3,NA,NA,NA,NA,NA,NA,NA,NA,NA,NA,346525800,264610699.99999997
1972-04-01,14.4,NA,NA,NA,NA,NA,NA,NA,NA,NA,NA,377235300,263796800
1972-05-01,14.4,NA,NA,NA,NA,NA,NA,NA,NA,NA,NA,324536200,282190200
1972-06-01,14.6,NA,NA,NA,NA,NA,NA,NA,NA,NA,NA,391621100,265600500.00000003
1972-07-01,14.7,NA,NA,NA,NA,NA,NA,NA,NA,NA,NA,335417500,299779100
1972-08-01,14.8,NA,NA,NA,NA,NA,NA,NA,NA,NA,NA,388003400,261489399.99999997
1972-09-01,14.9,NA,NA,NA,NA,NA,NA,NA,NA,NA,NA,361885000,311315500
1972-10-01,14.9,NA,NA,NA,NA,NA,NA,NA,NA,NA,NA,394907100,297906000
1972-11-01,15,NA,NA,NA,NA,NA,NA,NA,NA,NA,NA,420169200,273407700
1972-12-01,15,NA,NA,NA,NA,NA,NA,NA,NA,NA,NA,363119900,302215200
1973-01-01,15.1,NA,NA,NA,NA,NA,NA,NA,NA,NA,NA,411158400,305940400
1973-02-01,15.3,NA,NA,NA,NA,NA,NA,NA,NA,NA,NA,483373900,333261700
1973-03-01,15.4,NA,NA,NA,NA,NA,NA,NA,NA,NA,NA,425093800,345786500
1973-04-01,15.5,NA,NA,NA,NA,NA,NA,NA,NA,NA,NA,415294700,316370100
1973-05-01,15.6,NA,NA,NA,NA,NA,NA,NA,NA,NA,NA,527756200,402582000
1973-06-01,15.7,NA,NA,NA,NA,NA,NA,NA,NA,NA,NA,495608300,450003000
1973-07-01,15.8,NA,NA,NA,NA,NA,NA,NA,NA,NA,NA,681469600,414715500
1973-08-01,15.7,NA,NA,NA,NA,NA,NA,NA,NA,NA,NA,507506000,416761500
1973-09-01,15.9,NA,NA,NA,NA,NA,NA,NA,NA,NA,NA,620751700,383549200
1973-10-01,16,NA,NA,NA,NA,NA,NA,NA,NA,NA,NA,489997000,464766400
1973-11-01,16.1,NA,NA,NA,NA,NA,NA,NA,NA,NA,NA,792238200,487713500
1973-12-01,16.2,NA,NA,NA,NA,NA,NA,NA,NA,NA,NA,456447400,411169700
1974-01-01,16.5,NA,NA,NA,NA,NA,NA,NA,NA,NA,NA,603505000,438787600
1974-02-01,16.6,NA,NA,NA,NA,NA,NA,NA,NA,NA,NA,640181800,482688900
1974-03-01,16.8,NA,NA,NA,NA,NA,NA,NA,NA,NA,NA,683784100,490961000
1974-04-01,17,NA,NA,NA,NA,NA,NA,NA,NA,NA,NA,700373900,526025200
1974-05-01,16.9,NA,NA,NA,NA,NA,NA,NA,NA,NA,NA,761048400,586836300
1974-06-01,17,NA,NA,NA,NA,NA,NA,NA,NA,NA,NA,688082900,490597500
1974-07-01,17.2,NA,NA,NA,NA,NA,NA,NA,NA,NA,NA,687570900,561504500
1974-08-01,17.3,NA,NA,NA,NA,NA,NA,NA,NA,NA,NA,713075900,539765800
1974-09-01,17.5,NA,NA,NA,NA,NA,NA,NA,NA,NA,NA,669707700,512998399.99999994
1974-10-01,17.6,NA,NA,NA,NA,NA,NA,NA,NA,NA,NA,774100100,592668800
1974-11-01,17.7,NA,NA,NA,NA,NA,NA,NA,NA,NA,NA,741602300,544729300
1974-12-01,17.9,NA,NA,NA,NA,NA,NA,NA,NA,NA,NA,751060700,529362200
1975-01-01,18.4,NA,NA,NA,NA,NA,NA,NA,NA,NA,NA,735551700,540455400
1975-02-01,18.5,NA,NA,NA,NA,NA,NA,NA,NA,NA,NA,813450200,645290900
1975-03-01,18.7,NA,NA,NA,NA,NA,NA,NA,NA,NA,NA,901660700,468987600
1975-04-01,18.8,NA,NA,NA,NA,NA,NA,NA,NA,NA,NA,972043500,583964300
1975-05-01,18.9,NA,NA,NA,NA,NA,NA,NA,NA,NA,NA,897599600,492452900
1975-06-01,19.1,NA,NA,NA,NA,NA,NA,NA,NA,NA,NA,891407400,597202500
1975-07-01,19.5,NA,NA,NA,NA,NA,NA,NA,NA,NA,NA,727088300,745719200
1975-08-01,19.4,NA,NA,NA,NA,NA,NA,NA,NA,NA,NA,703240900,724315200
1975-09-01,19.7,NA,NA,NA,NA,NA,NA,NA,NA,NA,NA,750178300,532310800
1975-10-01,19.7,NA,NA,NA,NA,NA,NA,NA,NA,NA,NA,747543000,624871300
1975-11-01,19.8,NA,NA,NA,NA,NA,NA,NA,NA,NA,NA,786620000,678089200
1975-12-01,19.9,NA,NA,NA,NA,NA,NA,NA,NA,NA,NA,733760000,620187500
1976-01-01,20.1,NA,NA,NA,NA,NA,NA,NA,NA,NA,NA,933880500,517710099.99999994
1976-02-01,20.2,NA,NA,NA,NA,NA,NA,NA,NA,NA,NA,918408200,659650100
1976-03-01,20.5,NA,NA,NA,NA,NA,NA,NA,NA,NA,NA,794957100,608373500
1976-04-01,20.7,NA,NA,NA,NA,NA,NA,NA,NA,NA,NA,869107300,572088300
1976-05-01,20.8,NA,NA,NA,NA,NA,NA,NA,NA,NA,NA,827395000,667020900
1976-06-01,21.1,NA,NA,NA,NA,NA,NA,NA,NA,NA,NA,879706000,673277500
1976-07-01,21.3,NA,NA,NA,NA,NA,NA,NA,NA,NA,NA,871396900,889445000
1976-08-01,21.3,NA,NA,NA,NA,NA,NA,NA,NA,NA,NA,1028700000,640581800
1976-09-01,21.3,NA,NA,NA,NA,NA,NA,NA,NA,NA,NA,876452800,657780800
1976-10-01,21.3,NA,NA,NA,NA,NA,NA,NA,NA,NA,NA,992843400,656463000
1976-11-01,21.4,NA,NA,NA,NA,NA,NA,NA,NA,NA,NA,908010200,648904000
1976-12-01,21.5,NA,NA,NA,NA,NA,NA,NA,NA,NA,NA,1181222000,746802900
1977-01-01,21.9,NA,NA,NA,NA,NA,NA,NA,NA,NA,NA,954351800,643968000
1977-02-01,22,NA,NA,NA,NA,NA,NA,NA,NA,NA,NA,1041700000,700863000
1977-03-01,22.4,NA,NA,NA,NA,NA,NA,NA,NA,NA,NA,1157369000,652886200
1977-04-01,22.5,NA,NA,NA,NA,NA,NA,NA,NA,NA,NA,989996400,601160200
1977-05-01,22.7,NA,NA,NA,NA,NA,NA,NA,NA,NA,NA,1010020000,579661300
1977-06-01,22.9,NA,NA,NA,NA,NA,NA,NA,NA,NA,NA,1133288000,1023887000
1977-07-01,23.2,NA,NA,NA,NA,NA,NA,NA,NA,NA,NA,1527464000,834009200
1977-08-01,23.2,NA,NA,NA,NA,NA,NA,NA,NA,NA,NA,956821700,777314000
1977-09-01,23.3,NA,NA,NA,NA,NA,NA,NA,NA,NA,NA,1005595000,704794200
1977-10-01,23.4,NA,NA,NA,NA,NA,NA,NA,NA,NA,NA,1122971000,750018000
1977-11-01,23.4,NA,NA,NA,NA,NA,NA,NA,NA,NA,NA,977491100,685338800
1977-12-01,23.4,NA,NA,NA,NA,NA,NA,NA,NA,NA,NA,1066792000,935009600
1978-01-01,23.9,NA,NA,NA,NA,NA,NA,NA,NA,NA,NA,1050661000,762812700
1978-02-01,24,NA,NA,NA,NA,NA,NA,NA,NA,NA,NA,984373500,746673700
1978-03-01,24.3,NA,NA,NA,NA,NA,NA,NA,NA,NA,NA,926279100,782795700
1978-04-01,24.4,NA,NA,NA,NA,NA,NA,NA,NA,NA,NA,1081992000,743896400
1978-05-01,24.4,NA,NA,NA,NA,NA,NA,NA,NA,NA,NA,972924500,1187352000
1978-06-01,24.6,NA,NA,NA,NA,NA,NA,NA,NA,NA,NA,869143400,1240594000
1978-07-01,24.9,NA,NA,NA,NA,NA,NA,NA,NA,NA,NA,788004800,812201300
1978-08-01,24.9,NA,NA,NA,NA,NA,NA,NA,NA,NA,NA,893029200,938701900
1978-09-01,25.2,NA,NA,NA,NA,NA,NA,NA,NA,NA,NA,900627300,920890000
1978-10-01,25.3,NA,NA,NA,NA,NA,NA,NA,NA,NA,NA,1022652000,874488200
1978-11-01,25.3,NA,NA,NA,NA,NA,NA,NA,NA,NA,NA,1022199000,931080600
1978-12-01,25.3,NA,NA,NA,NA,NA,NA,NA,NA,NA,NA,955779900,947386000
1979-01-01,25.3,NA,NA,NA,NA,NA,NA,NA,NA,NA,NA,951835300,960890800
1979-02-01,25.4,NA,NA,NA,NA,NA,NA,NA,NA,NA,NA,938618700,969964200
1979-03-01,25.5,NA,NA,NA,NA,NA,NA,NA,NA,NA,NA,1055237000,1016025000
1979-04-01,25.6,NA,NA,NA,NA,NA,NA,NA,NA,NA,NA,955322300,1049005000
1979-05-01,25.7,NA,NA,NA,NA,NA,NA,NA,NA,NA,NA,1098543000,1136009000
1979-06-01,25.8,NA,NA,NA,NA,NA,NA,NA,NA,NA,NA,1161877000,998006200
1979-07-01,26,NA,NA,NA,NA,NA,NA,NA,NA,NA,NA,1236271000,1129319000
1979-08-01,26,NA,NA,NA,NA,NA,NA,NA,NA,NA,NA,1183287000,1278867000
1979-09-01,26.1,NA,NA,NA,NA,NA,NA,NA,NA,NA,NA,1234984000,1331224000
1979-10-01,26.3,NA,NA,NA,NA,NA,NA,NA,NA,NA,NA,1288015000,1173539000
1979-11-01,26.5,NA,NA,NA,NA,NA,NA,NA,NA,NA,NA,1281609000,1287220000
1979-12-01,26.5,NA,NA,NA,NA,NA,NA,NA,NA,NA,NA,1268968000,1230710000
1980-01-01,26.9,NA,NA,NA,NA,NA,NA,NA,NA,NA,NA,1407274000,1597634000
1980-02-01,27.4,NA,NA,NA,NA,NA,NA,NA,NA,NA,NA,1431644000,1550563000
1980-03-01,27.8,NA,NA,NA,NA,NA,NA,NA,NA,NA,NA,1362083000,1482672000
1980-04-01,28,NA,NA,NA,NA,NA,NA,NA,NA,NA,NA,1300103000,1497551000
1980-05-01,28.3,NA,NA,NA,NA,NA,NA,NA,NA,NA,NA,1376639000,1546306000
1980-06-01,28.7,NA,NA,NA,NA,NA,NA,NA,NA,NA,NA,1557080000,1613387000
1980-07-01,29,NA,NA,NA,NA,NA,NA,NA,NA,NA,NA,1512808000,1332581000
1980-08-01,29.2,NA,NA,NA,NA,NA,NA,NA,NA,NA,NA,1504106000,1633912000
1980-09-01,29.5,NA,NA,NA,NA,NA,NA,NA,NA,NA,NA,1315211000,1532996000
1980-10-01,29.7,NA,NA,NA,NA,NA,NA,NA,NA,NA,NA,1382393000,1565355000
1980-11-01,29.9,NA,NA,NA,NA,NA,NA,NA,NA,NA,NA,1394424000,1508909000
1980-12-01,30.1,NA,NA,NA,NA,NA,NA,NA,NA,NA,NA,1373407000,1603743000
1981-01-01,31,NA,NA,NA,NA,NA,NA,NA,NA,NA,NA,1273391000,1569893000
1981-02-01,31.3,NA,NA,NA,NA,NA,NA,NA,NA,NA,NA,1337445000,1437004000
1981-03-01,31.9,NA,NA,NA,NA,NA,NA,NA,NA,NA,NA,1429732000,1536251000
1981-04-01,32.1,NA,NA,NA,NA,NA,NA,NA,NA,NA,NA,1209990000,1612094000
1981-05-01,32.2,NA,NA,NA,NA,NA,NA,NA,NA,NA,NA,1318505000,1565800000
1981-06-01,32.6,NA,NA,NA,NA,NA,NA,NA,NA,NA,NA,1039000000,1642680000
1981-07-01,33.1,NA,NA,NA,NA,NA,NA,NA,NA,NA,NA,1227151000,1500622000
1981-08-01,33.1,NA,NA,NA,NA,NA,NA,NA,NA,NA,NA,1300181000,1204321000
1981-09-01,33.4,NA,NA,NA,NA,NA,NA,NA,NA,NA,NA,1336559000,1534554000
1981-10-01,33.5,NA,NA,NA,NA,NA,NA,NA,NA,NA,NA,1302382000,1482254000
1981-11-01,33.6,NA,NA,NA,NA,NA,NA,NA,NA,NA,NA,1468056000,1594057000
1981-12-01,33.7,NA,NA,NA,NA,NA,NA,NA,NA,NA,NA,1371712000,1495772000
1982-01-01,34.8,NA,NA,NA,NA,NA,NA,NA,NA,NA,NA,1350543000,1535250000
1982-02-01,35,NA,NA,NA,NA,NA,NA,NA,NA,NA,NA,1353884000,1495395000
1982-03-01,35.6,NA,NA,NA,NA,NA,NA,NA,NA,NA,NA,1264577000,1542666000
1982-04-01,35.7,NA,NA,NA,NA,NA,NA,NA,NA,NA,NA,1430680000,1646503000
1982-05-01,35.8,NA,NA,NA,NA,NA,NA,NA,NA,NA,NA,1179652000,1451401000
1982-06-01,36.1,NA,NA,NA,NA,NA,NA,NA,NA,NA,NA,1437016000,1444163000
1982-07-01,36.7,NA,NA,NA,NA,NA,NA,NA,NA,NA,NA,1417373000,1636390000
1982-08-01,36.7,NA,NA,NA,NA,NA,NA,NA,NA,NA,NA,1230232000,1355449000
1982-09-01,37,NA,NA,NA,NA,NA,NA,NA,NA,NA,NA,1277993000,1407048000
1982-10-01,37.3,NA,NA,NA,NA,NA,NA,NA,NA,NA,NA,1084250000,1242990000
1982-11-01,37.5,NA,NA,NA,NA,NA,NA,NA,NA,NA,NA,1233109000,1398005000
1982-12-01,37.7,NA,NA,NA,NA,NA,NA,NA,NA,NA,NA,1220166000,1435375000
1983-01-01,38.3,NA,NA,NA,NA,NA,NA,NA,NA,NA,NA,1329342000,1408626000
1983-02-01,38.5,NA,NA,NA,NA,NA,NA,NA,NA,NA,NA,1114611000,1407317000
1983-03-01,38.9,NA,NA,NA,NA,NA,NA,NA,NA,NA,NA,1172171000,1487403000
1983-04-01,39,NA,NA,NA,NA,NA,NA,NA,NA,NA,NA,965981000,1543756000
1983-05-01,39.1,NA,NA,NA,NA,NA,NA,NA,NA,NA,NA,1288406000,1543833000
1983-06-01,39.3,NA,NA,NA,NA,NA,NA,NA,NA,NA,NA,1128288000,1387415000
1983-07-01,39.6,NA,NA,NA,NA,NA,NA,NA,NA,NA,NA,1047710000,1659961000
1983-08-01,39.5,NA,NA,NA,NA,NA,NA,NA,NA,NA,NA,1022236000,1459666000
1983-09-01,39.9,NA,NA,NA,NA,NA,NA,NA,NA,NA,NA,1102106000,1402744000
1983-10-01,40.1,NA,NA,NA,NA,NA,NA,NA,NA,NA,NA,1159906000,1638943000
1983-11-01,40.2,NA,NA,NA,NA,NA,NA,NA,NA,NA,NA,1124466000,1520936000
1983-12-01,40.4,NA,NA,NA,NA,NA,NA,NA,NA,NA,NA,1050736000,1569298000
1984-01-01,40.7,NA,NA,NA,NA,NA,NA,NA,NA,NA,NA,1213827000,1651947000
1984-02-01,40.9,NA,NA,NA,NA,NA,NA,NA,NA,NA,NA,1256102000,1571713000
1984-03-01,41.4,NA,NA,NA,NA,NA,NA,NA,NA,NA,NA,1220646000,1586489000
1984-04-01,41.6,NA,NA,NA,NA,NA,NA,NA,NA,NA,NA,1118365000,1537989000
1984-05-01,41.6,NA,NA,NA,NA,NA,NA,NA,NA,NA,NA,1175533000,1570045000
1984-06-01,41.8,NA,NA,NA,NA,NA,NA,NA,NA,NA,NA,1241883000,1628409000
1984-07-01,42,NA,NA,NA,NA,NA,NA,NA,NA,NA,NA,997705300,1669740000
1984-08-01,42,NA,NA,NA,NA,NA,NA,NA,NA,NA,NA,1229372000,1544072000
1984-09-01,42.3,NA,NA,NA,NA,NA,NA,NA,NA,NA,NA,1170183000,1520248000
1984-10-01,42.5,NA,NA,NA,NA,NA,NA,NA,NA,NA,NA,1111826000,1448258000
1984-11-01,42.6,NA,NA,NA,NA,NA,NA,NA,NA,NA,NA,1174804000,1641374000
1984-12-01,42.8,NA,NA,NA,NA,NA,NA,NA,NA,NA,NA,950224300,1501973000
1985-01-01,43.1,NA,NA,NA,NA,NA,NA,NA,NA,NA,NA,1081852000,1491736000
1985-02-01,43.2,NA,NA,NA,NA,NA,NA,NA,NA,NA,NA,1152029000,1447222000
1985-03-01,43.7,NA,NA,NA,NA,NA,NA,NA,NA,NA,NA,1164593000,1541551000
1985-04-01,43.9,NA,NA,NA,NA,NA,NA,NA,NA,NA,NA,1175154000,1640082000
1985-05-01,44,NA,NA,NA,NA,NA,NA,NA,NA,NA,NA,1159060000,1592690000
1985-06-01,44.3,NA,NA,NA,NA,NA,NA,NA,NA,NA,NA,1233549000,1528851000
1985-07-01,44.5,NA,NA,NA,NA,NA,NA,NA,NA,NA,NA,1294727000,1716244000
1985-08-01,44.3,NA,NA,NA,NA,NA,NA,NA,NA,NA,NA,1383768000,1776751000
1985-09-01,44.8,NA,NA,NA,NA,NA,NA,NA,NA,NA,NA,1293695000,1672304000
1985-10-01,44.9,NA,NA,NA,NA,NA,NA,NA,NA,NA,NA,1603143000,1900037000
1985-11-01,45,NA,NA,NA,NA,NA,NA,NA,NA,NA,NA,1504810000,1753495000
1985-12-01,45.2,NA,NA,NA,NA,NA,NA,NA,NA,NA,NA,1440590000,1897888000
1986-01-01,45.6,NA,NA,NA,NA,NA,NA,NA,NA,NA,NA,1598982000,1770578000
1986-02-01,45.8,NA,NA,NA,NA,NA,NA,NA,NA,NA,NA,1708147000,1706697000
1986-03-01,46.1,NA,NA,NA,NA,NA,NA,NA,NA,NA,NA,1640672000,1688861000
1986-04-01,46.4,NA,NA,NA,NA,NA,NA,NA,NA,NA,NA,1798448000,1106576000
1986-05-01,46.5,NA,NA,NA,NA,NA,NA,NA,NA,NA,NA,1713395000,1396944000
1986-06-01,47.3,NA,NA,NA,NA,NA,NA,NA,NA,NA,NA,1693872000,1462384000
1986-07-01,47.8,NA,NA,NA,NA,NA,NA,NA,NA,NA,NA,1778445000,1396807000
1986-08-01,47.9,NA,NA,NA,NA,NA,NA,NA,NA,NA,NA,1655763000,1503178000
1986-09-01,48.6,NA,NA,NA,NA,NA,NA,NA,NA,NA,NA,1759995000,1446430000
1986-10-01,48.8,NA,NA,NA,NA,NA,NA,NA,NA,NA,NA,1743570000,1554981000
1986-11-01,49,NA,NA,NA,NA,NA,NA,NA,NA,NA,NA,1559819000,1547157000
1986-12-01,49.2,NA,NA,NA,NA,NA,NA,NA,NA,NA,NA,1594520000,1522914000
1987-01-01,49.9,NA,NA,NA,NA,NA,NA,NA,NA,NA,NA,1671583000,1639365000
1987-02-01,50.4,NA,NA,NA,NA,NA,NA,NA,NA,NA,NA,1728415000,1963252000
1987-03-01,50.9,NA,NA,NA,NA,NA,NA,NA,NA,NA,NA,1812531000,1701424000
1987-04-01,51.1,NA,NA,NA,NA,NA,NA,NA,NA,NA,NA,1833610000,1865874000
1987-05-01,51.2,NA,NA,NA,NA,NA,NA,NA,NA,NA,NA,1940850000,1907095000
1987-06-01,51.5,NA,NA,NA,NA,NA,NA,NA,NA,NA,NA,1816394000,1696094000
1987-07-01,51.6,NA,NA,NA,NA,NA,NA,NA,NA,NA,NA,1761050000,1800775000
1987-08-01,51.7,NA,NA,NA,NA,NA,NA,NA,NA,NA,NA,1927043000,1471123000
1987-09-01,52.4,NA,NA,NA,NA,NA,NA,NA,NA,NA,NA,1928846000,1718214000
1987-10-01,52.5,NA,NA,NA,NA,NA,NA,NA,NA,NA,NA,1834911000,1774980000
1987-11-01,52.6,NA,NA,NA,NA,NA,NA,NA,NA,NA,NA,1911840000,1788336000
1987-12-01,52.8,NA,NA,NA,NA,NA,NA,NA,NA,NA,NA,2379202000,2101053000
1988-01-01,53.5,NA,NA,NA,NA,NA,NA,NA,NA,NA,NA,1390948000,1630484000
1988-02-01,53.8,NA,NA,NA,NA,NA,NA,NA,NA,NA,NA,2028581000,1836660000
1988-03-01,54.6,NA,NA,NA,NA,NA,NA,NA,NA,NA,NA,2150924000,1832396000
1988-04-01,54.7,NA,NA,NA,NA,NA,NA,NA,NA,NA,NA,1962676000,1898568000
1988-05-01,54.8,NA,NA,NA,NA,NA,NA,NA,NA,NA,NA,2058962000,1940282000
1988-06-01,55.1,NA,NA,NA,NA,NA,NA,NA,NA,NA,NA,1978251000,1871816000
1988-07-01,55.1,NA,NA,104.60125,6.6625,12337804050,12175032512.5,NA,NA,NA,15.7,1851233000,1827242000
1988-08-01,55.1,NA,NA,99.4406,6.811,11879589547,12827476417,NA,NA,NA,14.6,1744210000,1881776000
1988-09-01,55.8,NA,NA,84.8232,6.93,12250216440,12910395960,NA,NA,NA,12.24,1767849000,1863376000
1988-10-01,55.8,NA,NA,88.2882,6.93,12963472848,13708834524,NA,NA,NA,12.74,1872486000,1980054000
1988-11-01,55.8,NA,NA,93.3482,6.644,13249670764,12661896016,NA,NA,NA,14.05,1994431000,1905917000
1988-12-01,55.8,NA,NA,100.38336,6.468,15065634276,12488291508,NA,NA,NA,15.52,2329791000,1931019000
1989-01-01,56.2,NA,4.9,102.90588,6.468,11886168060,14402044440,NA,NA,NA,15.91,1808829000,2191860000
1989-02-01,56.4,NA,5,110.9624,6.766,13497418974,14128443198,NA,NA,NA,16.4,1994512000,2085988000
1989-03-01,56.9,NA,4.9,131.47375,6.725,12253131575,14902445325,NA,NA,NA,19.55,1821241000,2214401000
1989-04-01,57.2,NA,5.1,127.3715,6.725,13683954942,16272552114,NA,NA,NA,18.94,1991370000,2369517000
1989-05-01,57.4,NA,5.3,119.36875,6.725,11617025064,15510054056,NA,NA,NA,17.75,1704826000,2276760000
1989-06-01,57.7,NA,5.4,125.28087,7.163,13318602843,15492444409,NA,NA,NA,17.49,1859160000,2162756000
1989-07-01,57.8,NA,5.2,118.33276,7.163,14226792580,17195000638,NA,NA,NA,16.52,1991419000,2407535000
1989-08-01,57.6,NA,5.5,118.12848,6.852,13306364736,17007445128,NA,NA,NA,17.24,1942011000,2480441000
1989-09-01,58.1,NA,5.8,130.22536,7.171,13940847089,15793962567,NA,NA,NA,18.16,1944029000,2203125000
1989-10-01,58.2,NA,5.9,133.59573,7.171,14024084220,15421329785,NA,NA,NA,18.63,2035051000,2237970000
1989-11-01,58.2,NA,5.9,127.92306499999998,6.9185,14743683262,16065587220,NA,NA,NA,18.49,2131254000,2322363000
1989-12-01,58.2,NA,5.8,138.14736000000002,6.812,16931471232,15261632048,NA,NA,NA,20.28,2485840000,2239809000
1990-01-01,58.6,NA,6,136.64872,6.812,14125254255,16976411865,NA,NA,NA,20.06,2135150000,2566503000
1990-02-01,58.8,NA,5.9,126.28884,6.483,13243200114,15577170876,NA,NA,NA,19.48,2042277000,2399752000
1990-03-01,59.5,NA,5.8,120.55442,6.559,13820973943,15545997502,NA,NA,NA,18.38,2107893000,2370003000
1990-04-01,59.5,NA,5.6,112.29008,6.559,15494988159,15937117231,NA,NA,NA,17.12,2361460000,2430106000
1990-05-01,59.6,NA,5.7,106.51816,6.559,16993350728,15764505164,NA,NA,NA,16.24,2601466000,2414041000
1990-06-01,59.8,NA,5.9,105.1521,6.515,13061219880,17054276410,NA,NA,NA,16.14,2004320000,2617342000
1990-07-01,59.9,NA,5.8,129.2576,6.515,13820605347,16595472602,NA,NA,NA,19.84,2152095000,2585021000
1990-08-01,59.8,NA,5.8,164.459,6.148,13772657380,17906363548,NA,NA,NA,26.75,2240256000,2910689000
1990-09-01,60.4,NA,5.6,240.3868,6.148,13250942115,19921131622,NA,NA,NA,39.1,2186758000,3289013000
1990-10-01,60.9,NA,5.7,207.14819999999995,6.02,14638448719.999998,21311582600,NA,NA,NA,34.41,2432558000,3542054000
1990-11-01,60.9,NA,5.7,173.0392,5.926,15217114656,21160288204,NA,NA,NA,29.2,2568060000,3571152000
1990-12-01,60.7,NA,5.9,167.52802,5.926,13361465780,19108593348,NA,NA,NA,28.27,2274110000,3250803000
1991-01-01,61,NA,5.8,118.87556,5.926,13968082895,19179431280,8.5,NA,NA,20.06,2364240000,3246666000
1991-02-01,61.2,NA,5.8,108.1572,5.79,12769248630,17405776410,8.5,NA,NA,18.68,2204811000,3001995000
1991-03-01,61.6,NA,5.9,107.78975,6.005,13550558730,17423783730,8.5,NA,NA,17.95,2255098000,2898261000
1991-04-01,61.8,NA,5.9,116.6171,6.005,15227603180,18211625000,8.48,NA,NA,19.42,2326932000,2784360000
1991-05-01,61.9,NA,5.7,115.35605,6.005,12513600545,18704869770,8.2,NA,NA,19.21,1855128000,2774145000
1991-06-01,62,NA,5.8,112.4136,6.005,12737558400,18705973440,8,NA,NA,18.72,1894817000,2782965000
1991-07-01,62,NA,5.9,139.22621999999998,7.053,13366965501,19173996627,8,NA,NA,19.74,1895227000,2719721000
1991-08-01,62,NA,6.2,141.1326,6.818,13043897608,16097652536,8,NA,NA,20.7,1913045000,2359152000
1991-09-01,62.4,NA,5.9,143.5189,6.818,13102767422,21438081064,8.19,NA,NA,21.05,1926387000,3153788000
1991-10-01,62.4,NA,6.2,144.2909,6.529,14189958846,17320679636,8.5,NA,NA,22.1,2174232000,2654146000
1991-11-01,62.4,NA,6.5,131.777019,6.5463,15704370764.7,17846863467.6,8.5,NA,NA,20.13,2398815000,2725815000
1991-12-01,62.4,NA,6.7,115.280343,6.5463,14403045300,18978547200,8.5,NA,NA,17.61,2243844000,2955319000
1992-01-01,62.4,NA,6.5,118.81534499999998,6.5463,12370005351,17367500964,9.73,NA,NA,18.15,2070771000,2907424000
1992-02-01,62.6,NA,6.4,114.887565,6.5463,14003413689,16850669124,10,NA,NA,17.55,2211956000,2665097000
1992-03-01,63.1,NA,6.3,118.749882,6.5463,13230592817.2,19239368141.6,10,NA,NA,18.14,2058609000,2992367000
1992-04-01,63.3,NA,6.5,127.60323,6.4905,13871931463.5,18147717091.5,9,NA,NA,19.66,2136633000,2796607000
1992-05-01,63.4,NA,6.5,134.93749499999998,6.4905,13970286639,18929595999,9,NA,NA,20.79,2156271000,2923004000
1992-06-01,63.5,NA,6.6,127.164505,6.2305,13697959856.5,18875150218,9,NA,NA,20.41,2198267000,3030029000
1992-07-01,63.6,NA,6.5,121.65321,5.943,13526380917,18221998704,9,NA,NA,20.47,2276143000,3067650000
1992-08-01,63.4,NA,6.6,118.08741,5.943,13368969323.999998,18021110721,9,NA,NA,19.87,2298140000,3095759000
1992-09-01,63.7,NA,6.6,112.80564,5.546,13344524538,17328454816,10.6,NA,NA,20.34,2406625000,3126958000
1992-10-01,63.8,NA,6.7,111.6041,5.738,12176667180,16572187486.000002,10.87,NA,NA,19.45,2122735000,2888871000
1992-11-01,63.8,NA,6.7,108.10392,5.738,13142468163,17826183325.5,9.15,NA,NA,18.84,2101354000,2849894000
1992-12-01,63.8,NA,6.6,119.296525,6.5225,13081936917.5,17724554580,9,NA,NA,18.29,2006162000,2716830000
1993-01-01,64,NA,6.6,120.470575,6.5225,13224354704,17548137145,9,NA,NA,18.47,1909182000,2532847000
1993-02-01,64.2,NA,6.6,130.80342000000002,6.9135,13806598261.5,18249946192.5,8.52,NA,NA,18.92,1996433000,2636065000
1993-03-01,64.8,NA,6.8,132.97095,7.0355,13698610985,17614373291,7.9,NA,NA,18.9,1947969000,2503877000
1993-04-01,64.9,NA,6.8,131.742425,6.8795,13185634952,21011809188,7.35,NA,NA,19.15,1916040000,3054763000
1993-05-01,64.9,NA,6.6,127.9587,6.8795,13519560255,19610029453,6.75,NA,NA,18.6,2020082000,2931743000
1993-06-01,65,NA,6.6,118.288805,6.7555,13026448251.5,19117700203,6.5,NA,NA,17.51,1928054000,2830432000
1993-07-01,64.9,NA,6.6,121.244875,7.2385,14575689709,18920490756.5,6,NA,NA,16.75,2013628000,2614873000
1993-08-01,64.8,NA,6.8,123.63358,7.2385,14705637746.5,21336716659,5.53,NA,NA,17.08,1971145000,2858714000
1993-09-01,65.1,NA,6.8,126.445935,7.2545,15566793154,17503360165.5,5.5,NA,NA,17.43,2146326000,2414558000
1993-10-01,65.1,NA,6.7,113.3097,7.1715,14728252980,19631601160.5,5.4,NA,NA,15.8,2054142000,2737677000
1993-11-01,65.1,NA,6.4,106.88898,7.3615,15328424483,18499383246.5,4.9,NA,NA,14.52,2082057000,2512660000
1993-12-01,65,NA,6,98.472,7.46,15054451580,17976347080,4.77,NA,NA,13.2,2018473000,2408932000
1994-01-01,64.9,NA,6,106.0812,7.46,14837336850,18143264580,5,NA,NA,14.22,1972962000,2411977000
1994-02-01,65.1,NA,6,99.464175,7.4505,15218696770.5,20016446245.5,4.82,NA,NA,13.35,2041938000,2682910000
1994-03-01,65.4,NA,6,97.90425,7.389,17223795945,19013544747,4.75,NA,NA,13.25,2331067000,2572353000
1994-04-01,65.5,NA,6.1,115.93341,7.389,16296198001.500002,18237189237,4.75,NA,NA,15.69,2232188000,2498815000
1994-05-01,65.5,NA,6.2,121.54905,7.389,14729500065,20282620715,4.75,NA,NA,16.45,2040504000,2811720000
1994-06-01,65.7,NA,6.1,125.1804,7.145,15297859410,21578628790,4.75,NA,NA,17.52,2140851000,3020331000
1994-07-01,65.8,NA,5.9,130.213655,7.0045,19120435812,22315244298,4.75,NA,NA,18.59,2729536000,3186660000
1994-08-01,65.8,NA,5.8,111.47136,6.864,16476167136,18829791552,4.75,NA,NA,16.24,2400730000,2742826000
1994-09-01,66.2,NA,6,118.772325,6.9255,16424612757.000002,21967478235,4.75,NA,NA,17.15,2372272000,3174631000
1994-10-01,66.2,NA,5.9,117.17946000000002,6.9255,16793802588.5,22482282493.5,4.75,NA,NA,16.92,2479547000,3318867000
1994-11-01,66.2,NA,6,111.702635,6.5285,14105568499,20110815752.5,4.75,NA,NA,17.11,2160264000,3079936000
1994-12-01,66.2,NA,6,112.50525,6.8185,17747355444,22920244561.5,4.75,NA,NA,16.5,2603061000,3359658000
1995-01-01,66.6,NA,6,114.5508,6.8185,17049294317.999998,22435883232,4.75,NA,NA,16.8,2520864000,3316906000
1995-02-01,66.8,NA,6,112.65786,6.678,16999162866,22407033978,4.75,NA,NA,16.87,2544577000,3350695000
1995-03-01,67.2,NA,5.8,113.09375,6.4625,17057251750,22317629812.5,4.75,NA,NA,17.5,2640631000,3454012000
1995-04-01,67.2,NA,5.7,123.17525,6.4625,17590739577.5,21804898505,4.75,NA,NA,19.06,2843593000,3525430000
1995-05-01,67.3,NA,5.5,114.38625,6.4625,17924369809.5,22914329669,4.75,NA,NA,17.7,2891416000,3699211000
1995-06-01,67.5,NA,5.4,104.05395,6.3525,17141128620,21264174277.5,4.75,NA,NA,16.38,2698152000,3347185000
1995-07-01,67.4,NA,5.3,101.703525,6.3525,16727807549.5,23117334301.5,4.75,NA,NA,16.01,2710322000,3746695000
1995-08-01,67.3,NA,5.3,99.685625,6.1345,17297946544.5,21482423953.5,4.75,NA,NA,16.25,2820291000,3501909000
1995-09-01,67.7,NA,5.2,103.42592000000002,6.416,17981994880,22843025952,4.75,NA,NA,16.12,2803271000,3562933000
1995-10-01,67.7,NA,5.1,104.77328,6.416,18208475780,22783662036,4.75,NA,NA,16.33,2918170000,3650716000
1995-11-01,67.6,NA,5,106.17624,6.231,17619753867,20938596321,4.75,NA,NA,17.04,2827164000,3359925000
1995-12-01,67.6,NA,5.1,116.972895,6.3815,17469719995.5,22797072773.5,4.75,NA,NA,18.33,2737418000,3569462000
1996-01-01,67.3,NA,4.8,105.42238,6.3815,17726159904,23610166263,4.75,NA,NA,16.52,2805028000,3736072000
1996-02-01,67.4,NA,5,115.74192000000002,6.517,19203246363,25375829430,4.75,NA,NA,17.76,2945487000,3898003000
1996-03-01,67.7,NA,5,124.94217,6.437,18201557302,25939352699.000008,4.56,NA,NA,19.41,2828323000,4029233999.999999
1996-04-01,67.9,NA,5,122.26056,6.428,18232263496,26107945516,4.5,NA,NA,19.02,2835242000,4061171000
1996-05-01,68,NA,4.8,114.4184,6.428,17490000320,24903907340,4.5,NA,NA,17.8,2663824000,3795834000
1996-06-01,68.1,NA,4.7,121.55348,6.428,20283016572,26581458474.000008,4.5,NA,NA,18.91,3090689000,4049417000
1996-07-01,68.3,NA,4.7,122.80275,6.4975,19056212367.5,25297308022.5,4.5,NA,NA,18.9,2933344000,3895506000
1996-08-01,68.3,NA,4.8,132.25431,6.3645,18949834141.5,28537246932,4.5,NA,NA,20.78,2977733000,4483919000
1996-09-01,68.6,NA,4.7,147.720045,6.3645,19333937587.5,27605081475,4.5,NA,NA,23.21,3015803000,4308442000
1996-10-01,68.9,NA,4.6,147.162305,6.4915,20435254983,27894098838.5,4.5,NA,NA,22.67,3149600000,4298305000
1996-11-01,68.8,NA,4.6,145.625535,6.3955,19111455203,29894229830,4.07,NA,NA,22.77,2987192000,4673348000
1996-12-01,68.8,NA,4.6,152.27685499999998,6.3955,20872033136.5,27042496600,4,NA,NA,23.81,3260582000,4221386000
1997-01-01,69.3,NA,4.6,144.02666,6.3955,21052440720,30093477997.5,3.43,NA,NA,22.52,3267560000,4670800000
1997-02-01,69.6,NA,4,120.555175,6.3955,19263338467.5,26842278494.999992,3.25,NA,NA,18.85,2959690000,4119709000.000001
1997-03-01,69.7,NA,4,123.94479,6.3955,20116085174,28080510904,3.25,NA,NA,19.38,2981796000,4161004000
1997-04-01,69.7,NA,4.1,122.17644,6.597,19769638914,25450368390,3.25,NA,NA,18.52,2998078000,3860550000
1997-05-01,69.8,NA,4.2,127.9818,6.597,19434622520,29222146604.000004,3.25,NA,NA,19.4,2733597000,4112999000.000001
1997-06-01,70,NA,4.1,122.11047000000002,6.597,21510478794,27001072341,3.25,NA,NA,18.51,3033992000,3807332000
1997-07-01,69.9,NA,4,138.81126,7.329,21550118310,29091879180,3.38,NA,NA,18.94,2940932000,3971558000
1997-08-01,69.8,NA,3.8,141.46267500000002,7.6425,20905019370,29303668320,3.5,NA,NA,18.51,2735441000,3834149000
1997-09-01,70.2,NA,3.7,149.2301,7.499,22666867348,30635072279,3.5,NA,NA,19.9,3023881000,4089674999.999999
1997-10-01,70.3,NA,3.5,141.26112,7.056,21328785072,27554837184,3.5,NA,NA,20.02,3024402000,3906138000
1997-11-01,70.4,NA,3.5,133.64064000000002,7.056,21061475382.5,29304230882.5,3.5,NA,NA,18.94,2999772000,4174629000.000001
1997-12-01,70.4,NA,3.4,119.38178,7.2265,21070934755.5,27634829744,3.5,NA,NA,16.52,2916077000,3821941000
1998-01-01,70.7,NA,3.3,115.33494,7.2265,24545622008.6,28564223807,3.5,NA,NA,15.96,3354634000,3903322000
1998-02-01,71,NA,3.2,102.399505,7.2265,24239607036,26740041506,3.5,NA,NA,14.17,3185241000,3510049000
1998-03-01,71.4,NA,3.3,103.04989,7.2265,22397026366.5,27420285150.5,3.6,NA,NA,14.26,2966179000,3630620000
1998-04-01,71.4,NA,3.4,110.39487,7.6345,24818996050,26357553931.5,3.75,NA,NA,14.46,3249324000,3451722000
1998-05-01,71.3,NA,3.3,109.707765,7.6345,23112888997,25831632310,3.88,NA,NA,14.37,3102711000,3469651000
1998-06-01,71.5,NA,3.3,102.14961,7.6345,20883372930,25636780308,4.27,NA,NA,13.38,2764563000,3392958000
1998-07-01,71.5,NA,3.2,100.37412,7.668,22236003792,24299079192,4.93,NA,NA,13.09,2900425000,3170640000
1998-08-01,71.3,NA,3,96.31008,7.668,24093652615,22938836791,6.07,NA,NA,12.56,3191853000,3038887000
1998-09-01,71.9,NA,2.8,115.96466,7.8995,25850734574,26711590486,8,NA,NA,14.68,3273925000,3385207000
1998-10-01,71.9,NA,2.7,97.95359,7.4095,23883693386,24514123284,8,NA,NA,13.22,3224874000,3308584000
1998-11-01,72,NA,2.9,77.50337,7.4095,22719381828,23381471058,8,NA,NA,10.46,3085992000,3176916000
1998-12-01,72.1,NA,2.8,78.843375,7.4875,23523471262.5,22003763337.5,8,NA,NA,10.53,3141924000,2937068000
1999-01-01,72.4,NA,2.7,84.983125,7.4875,21886958800,22715807200,7.95,8.6512,NA,11.35,2878994000,2987095000
1999-02-01,72.5,NA,2.7,81.945984,7.5318,21289197585,23258401758.6,7.5,8.6497,NA,10.88,2824917000,3083002000
1999-03-01,73,NA,2.9,119.960136,7.8714,23000466942,25910515650.6,7.04,8.5064,NA,15.24,2922567000,3291724000
1999-04-01,73.2,NA,2.9,130.429098,7.8714,21098606491.3,25257365880.5,6.87,8.3142,NA,16.57,2710155000,3245504000
1999-05-01,73.1,NA,2.9,119.64528,7.8714,20955204480.8,26974059402.4,6.5,8.2371,NA,15.2,2690444000,3465098000
1999-06-01,73.2,NA,2.8,138.204679,7.8929,21281531555.2,29931179128.5,6.27,8.1671,NA,17.51,2696402000,3790983000
1999-07-01,73,NA,2.9,152.587175,7.8775,21976554970,28650845620,6,8.1811,NA,19.37,2790121000,3638502000
1999-08-01,72.7,NA,3.1,168.027075,7.8775,22206553875.2,33057598742.400005,6,8.2602,NA,21.33,2849926000,4243306999.999999
1999-09-01,73.4,NA,3.4,183.909852,7.7994,23467926636,32981603558.399994,5.86,8.227,NA,23.58,3010390000,4233363000
1999-10-01,73.7,NA,3.4,166.739706,7.6874,21571182645.6,32940001631.6,5.5,8.2885,NA,21.69,2807133000,4284205000
1999-11-01,74,NA,3.4,184.578756,7.8079,22197469305,36230436201.2,5.5,8.1907,NA,23.64,2841973000,4640632000
1999-12-01,74.1,NA,3.4,202.222548,8.0631,24747032690.1,36202867466.4,5.5,8.0968,NA,25.08,3069276000,4487678000
2000-01-01,74.5,41.18457300275482,3.4,209.398707,8.0631,22903635076,39567195160.5,5.5,8.1215,NA,25.97,2847966000,4918268000
2000-02-01,74.8,42.69972451790634,3.4,233.543069,8.3141,25869829310.1,39330008017.9,5.5,8.0991,NA,28.09,3109610000,4734889000
2000-03-01,74.9,43.112947658402206,3.3,207.099493,8.3609000000000009,24969384722.300003,38277496139.50001,5.5,8.111,NA,24.77,2987900000,4579458000
2000-04-01,75.1,40.909090909090914,3.2,199.741901,8.3609000000000009,26565830591,39100199584,5.63,8.1538,NA,23.89,3135020000,4615758000
2000-05-01,75.2,44.21487603305786,3,236.697079,8.3609000000000009,24818418589.1,43085846394.5,5.75,8.2015,NA,28.31,2767349000,4807510000
2000-06-01,75.6,44.62809917355372,3,255.59271300000003,8.3609000000000009,23523993302.4,43298857202.399994,6.05,8.2425,NA,30.57,2635346000,4848107000
2000-07-01,75.3,44.35261707988982,3.1,225.159037,8.3609000000000009,24963823809,43975800519.3,6.25,8.1763,NA,26.93,2914658000,5135713000
2000-08-01,75.3,45.3168044077135,3.3,280.71565599999997,8.8498,25681916054.6,49707282296.2,6.6,8.0959,NA,31.72,2902993000,5620254000
2000-09-01,76,47.93388429752066,3.3,270.595088,9.0682,26504498687.199997,46854092647.399994,6.83,8.0266,NA,29.84,2923958000,5171164000
2000-10-01,76,47.79614325068871,3.2,278.937832,9.0682,25365368263.2,48101779670.4,7,8.0032,NA,30.76,2771776000,5253224000
2000-11-01,76.4,48.07162534435262,3.3,293.55104,9.208,25340922440,50052662240,7,7.995,NA,31.88,2751025000,5435867000
2000-12-01,76.3,44.21487603305786,3.4,220.842853,9.2519,26055626367.4,46942651044.1,7,8.1334,NA,23.87,2815592000,5069945000
2001-01-01,76.9,42.561983471074385,3.4,246.65565399999997,9.2519,25180494996,48762455376,7,8.2355,NA,26.66,2845396000,5508606000
2001-02-01,77.5,44.35261707988982,3.4,223.269569,8.7317,25634874128,43551344577.6,7,8.2125,NA,25.57,2933641000,4979861000
2001-03-01,77.7,43.52617079889808,3.2,219.72088799999997,8.8812,24954608908.8,41571414039.6,7,8.16,NA,24.74,2810907000,4681664000
2001-04-01,78,44.35261707988982,3.2,247.696668,8.8812,25436485690,46472806485,7,8.1183,NA,27.89,2786138000,5093555000
2001-05-01,78.4,46.418732782369155,3.2,260.574408,8.8812,26044087136.1,46933106975.4,7,7.9952,NA,29.34,2856596000,5151141000
2001-06-01,78.4,46.5564738292011,3.4,245.54319999999996,9.415,24496445994.999996,45546060489.99999,7,7.9338,NA,26.08,2602024000,4834139000
2001-07-01,77.4,43.80165289256199,3.4,232.45635,9.415,24093583068,48969778851.100006,7,7.9714,NA,24.69,2591174000,5268460000
2001-08-01,77.3,44.35261707988982,3.4,239.98767,9.087,25004979597,44040181848,7,8.0552,NA,26.41,2752789000,4849181000
2001-09-01,77.7,44.0771349862259,3.6,211.36362,9.087,24063237147.6,45136957755.600006,7,7.9985,NA,23.26,2732444000,5126682000
2001-10-01,77.7,40.49586776859505,3.7,180.494496,8.8608,24162985142.4,40962131558.399994,7,7.997,NA,20.37,2728894000,4623179000
2001-11-01,77.7,39.11845730027548,3.6,168.003264,8.7776,24634992720,37068261235.2,7,7.9224,NA,19.14,2805427000,4222552999.999999
2001-12-01,77.9,38.98071625344353,3.6,174.67423999999997,8.7776,21829253858.2,44755472119.8,6.71,7.992,NA,19.9,2442248000,5005383000
2002-01-01,78,39.807162534435264,3.6,168.354368,8.7776,23710321632.4,35368123902.799995,6.5,7.9208,NA,19.18,2630753000,3922747000
2002-02-01,78.1,40.49586776859505,3.8,193.742523,9.0831,23716582667.7,39122601156.6,6.5,7.7853,NA,21.33,2608833000,4300784000
2002-03-01,78.4,42.69972451790634,3.7,230.141088,8.8789,23076261100,43342581201.4,6.5,7.7191,NA,25.92,2597458000,4878009000
2002-04-01,78.5,43.52617079889808,3.8,235.024483,8.8789,22466337659.7,40979673867,6.5,7.6221,NA,26.47,2551060000,4657659000
2002-05-01,78.7,42.97520661157025,3.7,217.089105,8.8789,22721876331,39850659632,6.5,7.5147,NA,24.45,2702850000,4743315000
2002-06-01,78.7,40.77134986225896,3.5,227.122262,8.8789,28324569998.7,42716447747.200005,6.5,7.4048,NA,25.58,3555685000,5356828000
2002-07-01,78.6,40.633608815427,3.4,190.268304,7.4791,22752656251.5,37410016933.1,6.93,7.405,NA,25.44,3043214000,5005661000
2002-08-01,78.3,41.73553719008265,3.6,209.656534,7.6322,22155139402.2,40369903691.8,7,7.4284,NA,27.47,2903762000,5291006000
2002-09-01,78.8,43.112947658402206,3.7,219.42575,7.6322,22069084896,40348694178.9,7,7.3619,NA,28.75,2941139000,5378019000
2002-10-01,79.1,42.561983471074385,3.8,190.793532,7.4181,23111713670.4,37004027208.3,7,7.3405,NA,25.72,3118000000,4988477000
2002-11-01,79.4,40.358126721763085,3.8,185.874532,7.3877,22287760049.8,40485571176.4,7,7.319,NA,25.16,3015167000,5478263000
2002-12-01,80,42.97520661157025,3.8,211.731482,7.3877,23092528110.5,42103738066.5,6.7,7.2953,NA,28.66,3147418000,5737057000
2003-01-01,81.9,44.490358126721766,3.9,229.75747,7.3877,24135997254.6,39742536653.4,6.34,7.3328,NA,31.1,3464497000,5702804000
2003-02-01,82,45.17906336088154,4,242.24268299999997,7.3877,22120908615,41859014349,6,7.5439,NA,32.79,3207553000,6067166000
2003-03-01,81.4,44.62809917355372,4,200.797686,7.3877,23274879020.3,37938068063.9,5.57,7.845,NA,27.18,3249521000,5296721000
2003-04-01,80.8,41.32231404958678,4.2,172.312256,7.2767,23747444959.7,41978751100.9,5.5,7.8316,NA,23.68,3260731000,5770794000
2003-05-01,80.3,40.909090909090914,4.2,191.522744,7.2767,23895725932.8,41866037006.4,5,7.8711,NA,26.32,3393407000,5948457000
2003-06-01,80.1,42.01101928374656,4.3,206.148911,7.2767,22321526377.4,34712765925.2,4.85,8.1622,NA,28.33,3350069000,5203774000
2003-07-01,79.8,43.38842975206612,4.3,204.17889,7.197,24238970619,38341794393,4,8.2893,NA,28.37,3369260000,5331752000
2003-08-01,80,44.35261707988982,4.4,215.374317,7.3033,22587872642.3,40395574762,3.38,8.2558,NA,29.49,3093620000,5531249000
2003-09-01,80.4,42.97520661157025,4.4,207.105371,7.5011,24178775700.4,40050788254.2,2.8,8.1952,NA,27.61,3225266000,5342474000
2003-10-01,80.4,43.66391184573003,4.3,195.39026,7.0538,23766467093.2,42592219891,2.5,8.2278,NA,27.7,3372161000,6038442000
2003-11-01,80.5,43.52617079889808,4.3,200.68061,7.0538,24765813495,42042416130,2.5,8.1969,NA,28.45,3502885000,5947389000
2003-12-01,80.5,43.112947658402206,4.4,205.20728900000003,6.8017,23887924088.4,41714268360.6,2.42,8.2414,NA,30.17,3511635000,6130795000
2004-01-01,80.4,44.21487603305786,4.2,198.473606,6.8017,22676910750,40844471850,2.23,8.5925,NA,29.18,3396386000,6115583000
2004-02-01,80.5,44.62809917355372,4.2,219.218791,6.8017,27101721821.5,46395648831.5,2,8.7751,NA,32.23,3844876000,6596461000
2004-03-01,80.9,46.2809917355372,4.1,220.018575,6.9825,26850337920,42738974775,1.85,8.5407,NA,31.51,3847392000,6125941000
2004-04-01,81,46.418732782369155,4.2,237.16033599999997,6.8782,25609354444.8,45589163561.2,1.75,8.2938,NA,34.48,3719778000,6630832000
2004-05-01,81.1,48.7603305785124,4.2,251.60455599999997,6.8782,26391542053.2,46758125584.799995,1.75,8.2006,NA,36.58,3834928000,6797151000
2004-06-01,81.1,47.10743801652894,4.3,230.73255,6.6879,28297314135.9,44597799684.9,1.75,8.2856,NA,34.5,4232564000,6662724000
2004-07-01,81,49.311294765840216,4.3,277.68811,6.937,29527659602,49951866356,1.75,8.4751,NA,40.03,4257952999.999999,7205996000
2004-08-01,80.8,51.65289256198348,4.4,274.77457,6.937,28230751459.800007,46596362183.1,1.75,8.3315,NA,39.61,4038201000,6663074000
2004-09-01,81.3,51.51515151515152,4.4,319.015554,6.8783,26966588377.300003,49092889531.4,1.75,8.3604,NA,46.38,3923048000,7140726000
2004-10-01,81.5,54.132231404958674,4.4,328.611718,6.7091,27689267501.1,50969911592.1,1.75,8.2349,NA,48.98,4130054999.999999,7594533000
2004-11-01,81.5,49.173553719008275,4.4,290.13080099999996,6.3751,27731308869.1,49606776008.299995,1.75,8.1412,NA,45.51,4347498000,7779343000
2004-12-01,81.4,47.38292011019284,4.4,247.420992,6.1152,28950812217.6,42874101379.2,1.75,8.2181,NA,40.46,4733589000,7008541000
2005-01-01,81.2,49.586776859504134,4.5,280.809984,6.1152,26445632036.6,47171157953,1.75,8.2125,NA,45.92,4377769000,7806699000
2005-02-01,81.3,51.10192837465566,4.4,318.74203200000005,6.3672,28335262502.4,51260245125.600006,1.75,8.3199,NA,50.06,4444649000,8039216000
2005-03-01,81.7,54.40771349862259,4.6,337.341773,6.2137,28820383340,52728321092.90001,1.75,8.1871,NA,54.29,4636557000,8486973000.000001
2005-04-01,82.1,54.545454545454554,4.6,323.08294200000006,6.3238,28611995157.2,56905308737.200005,1.75,8.1763,NA,51.09,4523313000,9008917000
2005-05-01,82.4,53.03030303030304,4.6,320.806374,6.3238,29385117896.4,53395702434.2,1.75,8.0773,NA,50.73,4675963000,8500222000.000001
2005-06-01,82.4,56.19834710743802,4.6,359.85271,6.4745,29243633130,51000594726,1.75,7.8932,NA,55.58,4518407000,7870133000
2005-07-01,82.2,58.81542699724519,4.7,387.104274,6.5202,33560154021,57933815696.4,2,7.92,NA,59.37,5148373000,8890377000
2005-08-01,82.3,61.84573002754821,4.6,430.978812,6.4306,29614211981.2,59261162147,2,7.9165,NA,67.02,4607977000,9217274000
2005-09-01,82.9,60.88154269972452,4.5,401.974404,6.3323,28878365497.8,58320242372.6,2,7.8087,NA,63.48,4563727000,9213078000
2005-10-01,83,59.504132231404974,4.5,367.90663,6.3323,31420774778.5,62022703081.7,2,7.8347,NA,58.1,4807333000,9477921000
2005-11-01,83,57.98898071625344,4.4,356.78455499999995,6.4811,29919453737.6,53820182111.399994,2.23,7.8295,NA,55.05,4613572000,8301807000
2005-12-01,82.9,58.95316804407713,4.3,400.332648,6.7876,32039840872.4,62649982406.4,2.25,7.9737,NA,58.98,4719083000,9226250000
2006-01-01,82.7,62.12121212121213,4.2,447.913724,6.7876,32630555728.7,69921686305,2.25,8.0366,NA,65.99,4819516000,10326660000
2006-02-01,83.4,61.84573002754821,4.2,411.587168,6.6643,31289275029.4,62296890083.6,2.25,8.0593,NA,61.76,4688457000,9333688000
2006-03-01,83.6,62.53443526170799,3.9,442.69110599999993,6.7166,32566570205.4,65572923229,2.37,7.9775,NA,65.91,4851241000,9774959000
2006-04-01,84.3,65.70247933884299,3.9,486.9535,6.7166,33392495899.999996,68887508125,2.5,7.8414,NA,72.5,5066082000,10465760000
2006-05-01,84.3,63.498622589531685,3.8,472.915806,6.7166,33818680460.6,63880221992.99999,2.5,7.7968,NA,70.41,5466901000,10330920000
2006-06-01,84.2,63.498622589531685,3.8,449.249014,6.1114,34324916444.6,66387954858,2.75,7.8604,NA,73.51,5618783000,10853530000
2006-07-01,83.9,66.66666666666667,3.4,459.27171,6.1114,33370241133.6,67664994192,2.75,7.9386,NA,75.15,5347062000,10845520000
2006-08-01,83.9,67.07988980716254,3.6,433.561925,6.1717,34707585623.9,66848891984.00001,2.87,7.992,NA,70.25,5627495000,10832470000
2006-09-01,85.1,63.7741046831956,3.3,395.198496,6.3252,33433021087.199997,61693945110,3,8.2572,NA,62.48,5289339000,9754083000
2006-10-01,85.2,62.947658402203864,2.8,373.376556,6.3252,36192885831.1,63131495944,3,8.396,NA,59.03,5569806000,9702248000
2006-11-01,85.1,61.98347107438017,3.1,418.114116,6.5066,38464169309.2,65285597750,3.24,8.2446,NA,64.26,5907570000,10031640000
2006-12-01,84.7,61.84573002754821,3,375.092352,6.1632,36877605811.2,63259392960,3.38,8.1575,NA,60.86,5981089000,10259650000
2007-01-01,83.7,59.228650137741056,3,353.76768,6.1632,38467363776,62991984550,3.56,8.278,NA,57.4,6148787000,10069340000
2007-02-01,84,60.05509641873279,2.8,386.243112,6.2408,36540146113.6,61753558508,3.75,8.0876,NA,61.89,5845809000,9879308000
2007-03-01,84.5,61.15702479338844,2.8,417.56195999999994,6.1316,37786763713.2,62995322608,3.88,8.134,NA,68.1,6165294000,10287060000
2007-04-01,84.5,62.25895316804409,2.7,414.80273999999997,6.1316,41214127594.5,67163973471,4,8.1192,NA,67.65,6751409000,11018650000
2007-05-01,84.6,62.53443526170799,2.6,417.194064,6.1316,38763642880.8,63852313360,4.01,8.14,NA,68.04,6491152000,10696830000
2007-06-01,84.5,63.7741046831956,2.5,431.087888,6.0368,38753569624,67379441360.00001,4.27,8.059,NA,71.41,6421627000,11149580000
2007-07-01,84.3,64.04958677685951,2.9,465.13544,6.0368,40265296766.4,64319018850.00001,4.5,7.938,NA,77.05,6823164000,10902780000
2007-08-01,84.2,62.25895316804409,2.7,425.243769,5.8501,38495992189.9,65770100256,4.63,7.9735,NA,72.69,6585455000,11241870000
2007-09-01,84.8,63.7741046831956,2.4,463.152417,5.8501,39508111693.6,71756649728,4.78,7.8306,NA,79.17,6820680000,12376590000
2007-10-01,85,65.01377410468321,2.8,489.547008,5.4016,42853863680,66417209344,5,7.6963,NA,90.63,7943388000,12292500000
2007-11-01,86.4,69.42148760330579,2.6,479.11941,5.4285,38655355084.5,69094979415,5,7.9519,NA,88.26,7115500000,12727070000
2007-12-01,87.1,69.55922865013775,2.6,509.46472499999993,5.4285,38632894815.6,75783396633,5.14,8.013,NA,93.85,7025050000,13783020000
2008-01-01,86.7,71.34986225895317,2.8,500.56198499999994,5.4285,41180144950,74393241720,5.25,7.9566,NA,92.21,7609156000,13747030000
2008-02-01,87.2,72.31404958677686,2.6,539.62909,5.3909,44546101052.700005,78244924234,5.25,7.948,NA,100.1,8248912000.000001,14527070000
2008-03-01,87.2,72.58953168044077,2.6,540.70727,5.3909,40505352365.1,81484604844,5.25,7.9629,NA,100.3,7758586000,15623700000
2008-04-01,87.2,75.48209366391184,2.6,574.0051199999999,5.1545,40255701726.5,80911835940,5.31,7.9629,NA,111.36,7806010000,15714330000
2008-05-01,87.2,78.92561983471074,2.7,658.6420099999999,5.1545,41252249948.100006,87417442556,5.5,7.866,NA,127.78,8040751999.999999,17045079999.999998
2008-06-01,87.4,82.64462809917356,3,720.753735,5.1545,42759767106.700005,85262182741,5.54,7.9915,NA,139.83,8388432999.999999,16701310000
2008-07-01,87.9,84.57300275482093,3,629.062122,5.0739,41757902713.799995,82563820014,5.75,8.0487,NA,123.98,8233903000,16286620000
2008-08-01,88,83.4710743801653,2.8,585.55551,5.1342,38901319980,82163886150.00002,5.75,7.9723,NA,114.05,7581857000,15994100000
2008-09-01,89.3,83.05785123966942,3.2,534.692722,5.4466,42722787264.200005,73446039350,5.75,8.1566,NA,98.17,7852032000,13485300000
2008-10-01,89.6,81.95592286501378,3.2,383.173652,5.8661,36098020122.6,69565375968,5.45,8.5928,NA,65.32,6161971000,11855030000
2008-11-01,89.1,77.8236914600551,3.1,313.777689,5.8661,38763492660.5,74585834685,4.75,8.8094,NA,53.49,5791274000,11151430000
2008-12-01,89,73.69146005509643,3.5,321.514357,7.0523,47406089522.5,68739064296.59999,4.14,9.4039,NA,45.59,6720381000,9749681000
2009-01-01,88.7,74.10468319559229,3.2,323.559524,7.0523,38672848882.9,66494498222.299995,3,9.2164,NA,45.88,5523932000,9498363000
2009-02-01,89.4,72.45179063360882,3.3,326.874105,7.0523,36453796988.1,67499464160.700005,2.58,8.7838,NA,46.35,5246339000,9716695000
2009-03-01,89.4,72.31404958677686,3.2,347.18472899999995,7.0523,34864086519.6,65720232754.8,2.41,8.8388,NA,49.23,4963265000,9368196000
2009-04-01,89.7,71.900826446281,3.5,340.75115999999997,6.7077,36662302720.8,57548121872.4,2,8.787,NA,50.8,5457514000,8580334000.000001
2009-05-01,89.9,76.5840220385675,3.5,439.488504,6.7077,36020043647.1,58418358508.2,1.58,8.792,NA,65.52,5481409000,8891851000
2009-06-01,90.4,83.33333333333334,3.5,464.84361,6.7077,34354419529.8,57826866894,1.39,8.945,NA,69.3,5457827000,9171858000
2009-07-01,89.9,78.51239669421489,3.3,456.77202,6.3706,34298558669.199997,62505696142.2,1.25,8.9494,NA,71.7,5386553000,9819959000
2009-08-01,89.7,82.50688705234161,3.6,443.71229,6.3706,38136056140,60893006550.6,1.25,8.6602,NA,69.65,6191458000,9870330000
2009-09-01,90.4,77.54820936639119,3.4,415.559655,6.0165,36585030919.5,60679952235,1.25,8.5964,NA,69.07,6087781000,10085040000
2009-10-01,90.2,78.65013774104685,3.4,436.82928,5.8089,37270262551.8,61270534530.00001,1.27,8.3596,NA,75.2,6424819000,10541630000
2009-11-01,90.5,81.40495867768595,3.9,455.824383,5.8089,39496166196.3,62101110623,1.5,8.4143,NA,78.47,6958878000,10952810000
2009-12-01,90.8,81.12947658402204,3.6,438.426387,5.6259,31596708414.6,56837173743,1.61,8.4107,NA,77.93,5614510000,10107680000
2010-01-01,90.9,84.29752066115704,3.8,402.02681399999994,5.6259,34262942117.7,63898216079,1.75,8.1817,NA,71.46,5928745000,11057500000
2010-02-01,92,86.08815426997246,3.9,457.105967,5.8913,35642582978.1,67459626736,1.75,8.0971,NA,77.59,6036701000,11429620000
2010-03-01,92.5,88.01652892561984,4.4,492.65217,5.9571,39259016559,65186877311.99999,1.75,8.0368,NA,82.7,6592591000,10964370000
2010-04-01,92.7,91.18457300275485,3.8,520.888824,5.9571,39183451499.4,63411312354,1.75,7.9278,NA,87.44,6540751000,10603980000
2010-05-01,92.2,90.77134986225896,4,444.697515,5.9571,37288228465.5,59277621825,1.96,7.8972,NA,74.65,6330301000,10065660000
2010-06-01,92.1,92.69972451790632,4.3,490.107839,6.5339,41311373351.9,69354408245,2,7.9062,NA,75.01,6326101000,10600700000
2010-07-01,91.6,92.83746556473832,3.7,510.18704400000007,6.5258,39592642025.200005,66620782814,2,8.0201,NA,78.18,6069631000,10215240000
2010-08-01,91.4,93.1129476584022,3.8,487.085712,6.5258,37624817263.6,59598827277.5,2,7.9325,NA,74.64,6179306000,9769835000
2010-09-01,92,92.83746556473832,4,510.741781,6.2051,42680359382.1,68077393120,2,7.9156,NA,82.31,6887054000,10969800000
2010-10-01,92.1,92.83746556473832,3.8,487.051125,5.8575,40058774745,65104706700,2,8.111,NA,83.15,6848423000,11105600000
2010-11-01,92.3,96.14325068870524,3.6,502.554672,5.8491,39715663907.7,67499198910,2,8.1463,NA,85.92,6783110000,11542890000
2010-12-01,93.3,100.55096418732784,4.3,582.2956,6.1456,40132611680,74534205536,2,7.906,NA,94.75,6527880000,12137040000
2011-01-01,92.7,103.03030303030305,3.2,620.767056,6.1456,44225529911.2,75716165756,2,7.8199,NA,101.01,7548422000,12924590000
2011-02-01,93.1,104.26997245179064,3.3,640.6475399999999,5.7303,41758770468.6,73123498755,2,7.8206,NA,111.8,7269496000,12734290000
2011-03-01,93.4,106.8870523415978,3.6,654.6692879999999,5.5783,49412436364.2,72343801257,2,7.8295,NA,117.36,8864089000,13002190000
2011-04-01,93.9,109.366391184573,3.6,694.887622,5.5198,41262033984.6,84346407860,2,7.8069,NA,125.89,7461001000,15280810000
2011-05-01,93.7,107.02479338842976,3.5,644.3262540000001,5.5198,42064886033.799995,69335875203,2.14,7.8336,NA,116.73,8035168000.000001,13249410000
2011-06-01,93.4,106.06060606060608,3.7,603.5451840000001,5.3658,37954385330.4,68519978208,2.25,7.832,NA,112.48,7077612000,12750290000
2011-07-01,93.1,107.71349862258954,3.4,627.699306,5.3769,40611080472,76813102944,2.25,7.7829,NA,116.74,7555561000,14291870000
2011-08-01,92.6,105.09641873278235,3.8,612.9659350000001,5.3371,40264235213.600006,73046592747,2.25,7.7882,NA,114.85,7553582000,13674860000
2011-09-01,93.4,106.8870523415978,3.5,552.828248,5.3798,38972847481.4,74644725000,2.25,7.7243,NA,102.76,7254533000,13872280000
2011-10-01,93.3,107.02479338842976,3.8,589.410888,5.3798,45045039089.9,72264866684,2.25,7.7474,NA,109.56,7722916000,12360480000
2011-11-01,93.3,108.53994490358129,3.6,629.201412,5.6931,41404043270.1,76265678496,2.25,7.7868,NA,110.52,7264298000,13400440000
2011-12-01,93.4,108.67768595041323,3.6,619.432268,5.7686,40965309098,76875997818,1.99,7.7451,NA,107.38,7097737000,13337450000
2012-01-01,93.2,111.15702479338844,3.8,640.1992280000001,5.7686,42210103814.9,80802690304,1.75,7.6752,NA,110.98,7041176000,13480780000
2012-02-01,94.2,112.25895316804409,3.6,712.59327,5.8095,43314133149,86511472110,1.75,7.5522,NA,122.66,7435650000,14893260000
2012-03-01,94.1,113.91184573002757,2.7,685.154304,5.5758,38257565512.2,80479535976,1.61,7.5315,NA,122.88,6865505000,14473030000
2012-04-01,94.2,112.12121212121214,3.4,666.1408260000001,5.5758,42029437937.9,79552651699,1.5,7.5698,NA,119.47,7366866000,13972030000
2012-05-01,94.2,109.64187327823691,3.5,565.553394,5.5758,41382668646,81033458220,1.5,7.5663,NA,101.43,7210628000,14127350000
2012-06-01,93.7,105.92286501377411,3.3,601.678148,6.1471,44487570824.4,78067493819,1.5,7.5401,NA,97.88,7241195000,12675900000
2012-07-01,93.3,107.16253443526172,3.4,638.31486400000006,6.1471,43686538419.6,74770188784,1.5,7.4579,NA,103.84,7305196000,12503800000
2012-08-01,92.9,109.64187327823691,3.4,684.8702499999999,6.005,42269182990,77927365400,1.5,7.3239,NA,114.05,7048864000,12964840000
2012-09-01,93.9,108.40220385674932,3.3,670.0378999999999,6.005,43959096558.3,72164568553,1.5,7.3945,NA,111.58,7612109000,12471610000
2012-10-01,94.3,108.81542699724518,3.8,616.275776,5.7296,44280531777.6,75582247584,1.5,7.4076,NA,107.56,7743368000,13187410000
2012-11-01,94.4,108.53994490358129,3.6,626.275125,5.6805,41132932218,71979717285,1.5,7.3371,NA,110.25,7231728000,12676660000
2012-12-01,94.7,108.40220385674932,3.8,624.230145,5.6805,41549444240,74575105600,1.5,7.3489,NA,109.89,7310138000,13141100000
2013-01-01,94.5,108.53994490358129,3.7,650.6444700000001,5.6805,44801843934.4,72133363344,1.5,7.3821,NA,114.54,8046500000,12957220000
2013-02-01,95.1,109.09090909090912,4,601.1043960000001,5.4438,41312878436.4,74795198976,1.5,7.4232,NA,110.42,7565958000,13700120000
2013-03-01,95.4,110.0550964187328,3.8,633.5061619999999,5.7581,41619212830.2,78034692496,1.5,7.4851,NA,110.02,7225422000,13578780000
2013-04-01,95.9,110.3305785123967,4,589.456697,5.7581,42331605888,66870139951.99999,1.5,7.5444,NA,102.37,7257077000,11489040000
2013-05-01,96,107.85123966942147,4,578.055659,5.7581,42343403917.8,74713483191,1.5,7.5628,NA,100.39,7279895000,12853010000
2013-06-01,95.7,107.71349862258954,3.8,588.247496,5.7581,42923620799.399994,81006965622,1.5,7.7394,NA,102.16,7335933000,13805940000
2013-07-01,96.1,110.3305785123967,3.6,652.5004500000001,6.0585,44709409594.5,82244743350,1.5,7.8837,NA,107.7,7384630000,13585020000
2013-08-01,96,111.43250688705236,4.3,674.8365910000001,5.9191,45089194101.6,77025958592,1.5,7.9386,NA,114.01,7628799000,12996950000
2013-09-01,96.4,111.98347107438018,3.9,641.4528670000001,5.9191,47576855474,74285848430,1.5,7.9725,NA,108.37,7795576000,12147070000
2013-10-01,96.6,111.2947658402204,3.6,652.93116,5.999,44386678987,74100187910,1.5,8.1208,NA,108.84,7414720000,12350420000
2013-11-01,96.7,111.98347107438018,4,653.511082,5.9578,43575772203.799995,82137150122,1.5,8.2055,NA,109.69,7302748000,13791700000
2013-12-01,96.6,113.7741046831956,4.4,660.12424,5.9578,45946769721.6,78439144432,1.5,8.4048,NA,110.8,7512074000,12849570000
2014-01-01,96.6,114.18732782369148,4,633.90992,5.9578,43624113823.5,84333405303,1.5,8.3927,NA,106.4,7168476000,13859490000
2014-02-01,97.1,113.36088154269972,3.2,649.817246,5.9578,47481483198,82512550590,1.5,8.3562,NA,109.07,7514894000,13058960000
2014-03-01,97.3,110.19283746556474,3.8,642.012528,5.9578,43781030056.200005,76021383930,1.5,8.2906,NA,107.76,7312415000,12729840000
2014-04-01,97.7,109.64187327823691,3.6,644.734813,5.9659,46733716570.700005,78109917907,1.5,8.2484,NA,108.07,7814789000,13093300000
2014-05-01,97.8,108.67768595041323,3.4,648.3740120000001,5.9659,45300002946.2,75876985468,1.5,8.1533,NA,108.68,7588484000,12718160000
2014-06-01,97.5,109.09090909090912,3.5,668.598413,5.9659,45152003268.9,69633979650,1.5,8.2207,NA,112.07,7550716000,11609120000
2014-07-01,98.3,108.53994490358129,4.1,656.704185,6.1645,53250769527.5,71534892285,1.5,8.388,NA,106.53,8644593000,11612230000
2014-08-01,97.9,107.71349862258954,3.6,653.7613769999999,6.3001,51235846754.5,74808017410,1.5,8.2522,NA,103.77,8145187000,11855510000
2014-09-01,98.5,107.71349862258954,4.1,590.297696,6.1928,46187029489.6,73413910016,1.5,8.1798,NA,95.32,7472461000,11852750000
2014-10-01,98.6,107.57575757575756,4,557.790936,6.4604,46038612851.6,76938324888,1.5,8.3136,NA,86.34,7142910000,11909970000
2014-11-01,98.6,104.54545454545456,4,455.975032,6.4604,46692321631,71904378470,1.5,8.4912,NA,70.58,6875259000,10609730000
2014-12-01,98.6,104.82093663911849,3.9,404.961149,6.9569,44053817904.8,67715500960.6,1.36,8.9714,NA,58.21,6328954000,9751804000
2015-01-01,98.6,100,4.3,375.324755,6.9569,47633982296.8,65218398775.6,1.25,8.932,NA,53.95,6405370000,8769288000
2015-02-01,98.9,102.20385674931131,4.7,439.328235,6.9569,49711630014,72920491326,1.25,8.6188,NA,63.15,6338147000,9294716000
2015-03-01,99.2,103.4435261707989,4.5,391.047349,6.9569,49876804792.2,69371848425,1.25,8.6434,NA,56.21,6542525000,9126403000
2015-04-01,99.6,103.4435261707989,4.5,545.002745,8.0801,68100036251.799995,68665796773.7,1.25,8.4988,NA,67.45,8407287999.999999,8500316000
2015-05-01,99.8,103.4435261707989,4.4,534.417814,8.0801,47575186575.7,72115529682.3,1.25,8.4102,NA,66.14,6366674000,9656454000
2015-06-01,100.1,103.7190082644628,4.8,510.26577,7.9555,51918372639,74582955699,1.16,8.755,NA,64.14,6532102000,9352167000
2015-07-01,100.1,101.37741046831955,5.2,416.29945,7.877,44704976137,69544237044,1,8.9357,NA,52.85,5679722000,8834429000
2015-08-01,99.9,96.96969696969698,4.2,433.15623,7.877,50546693909.4,73049756519.8,1,9.1815,NA,54.99,6169147000,8884594000
2015-09-01,100.6,96.83195592286502,4.8,408.42954,8.3268,50007080354.4,72059319500.40001,0.95,9.3075,NA,49.05,6018249000,8653095000
2015-10-01,101,97.38292011019286,5,426.573459,8.4789,51485695284.6,70725921896.7,0.75,9.2892,NA,50.31,6087198000,8341753000.000001
2015-11-01,101.3,97.79614325068871,4.5,383.585436,8.4789,51629994223.5,63732875887.2,0.75,9.2572,NA,45.24,6044219000,7479235000
2015-12-01,100.9,93.38842975206612,5.2,327.00196900000003,8.6807,50333710802.9,61928261371.9,0.75,9.4626,NA,37.67,5794922000,7150122000
2016-01-01,101.5,89.25619834710744,4.9,312.41839300000004,8.6807,49183897520.99999,59724993572.99999,0.75,9.5899,NA,35.99,5579968000,6774513000
2016-02-01,102.1,86.9146005509642,5.6,316.37438399999996,8.6512,52469372278.399994,60027536414.399994,0.75,9.5628,NA,36.57,6039824000,6923699000
2016-03-01,102.5,88.01652892561984,4.8,348.95532499999996,8.6525,51626101677.5,60805019777.5,0.66,9.4246,NA,40.33,5966833000,7051261000
2016-04-01,102.9,88.70523415977964,5,391.162512,8.2576,48447991550.4,60152858792,0.5,9.3224,NA,47.37,5854836000,7291417000
2016-05-01,103.2,91.04683195592288,5.1,411.971664,8.2576,48581919745.200005,60445032452.00001,0.5,9.3099,NA,49.89,6015800000,7490055000
2016-06-01,103.8,93.66391184573004,4.7,414.099213,8.3303,50801026692.899994,62955409219.99999,0.5,9.3278,NA,49.71,6104577000,7536303000
2016-07-01,104.5,94.0771349862259,4.9,363.466794,8.3498,60764817820.4,63644655490.6,0.5,9.369,NA,43.53,7281710000,7623844000
2016-08-01,103.9,92.42424242424242,5.1,396.722223,8.4607,63665210731.2,62438459995.399994,0.5,9.303,NA,46.89,7541136000,7367744000
2016-09-01,104.2,90.90909090909092,4.7,419.001177,8.3483,51631680920.2,61577954068.1,0.5,9.1971,NA,50.19,6199157000,7375490000
2016-10-01,104.7,92.97520661157026,4.9,405.810863,8.3483,50802015960.9,65137246537.49999,0.5,9.0009,NA,48.61,6326087000,8089499000
2016-11-01,104.9,95.3168044077135,4.9,424.1859840000001,8.1826,51550707304.00001,64008486691.200005,0.5,9.0807,NA,51.84,6287507000,7829016000
2016-12-01,104.4,100.27548209366392,4.2,484.87066,8.434,50057611743.99999,67715970317.999985,0.5,9.0252,NA,57.49,5930768000,8049244000
2017-01-01,104.3,100.55096418732784,4.1,468.76172,8.434,57127403579.99999,75599503280,0.5,8.999,NA,55.58,6623663000,8764280000
2017-02-01,104.7,103.30578512396696,4.5,465.224226,8.2326,51580441481.4,72495641689.8,0.5,8.8603,NA,56.51,6236223000,8758629000
2017-03-01,105,102.20385674931131,4.8,450.36930199999995,8.4134,49032706261.99999,67980255173.2,0.5,9.0919,NA,53.53,5833664000,8118807000
2017-04-01,105.2,100,4.6,437.9174699999999,8.4134,50619964479.7,75044981645.9,0.5,9.2049,NA,52.05,5883126000,8751458000
2017-05-01,105.4,99.17355371900828,4.7,427.0641839999999,8.4134,56873633502.00001,70989969659,0.5,9.405,NA,50.76,6672768000,8335964000.000001
2017-06-01,105.8,96.69421487603309,4.5,412.516168,8.4584,63362593363.99999,71801708211.99998,0.5,9.4997,NA,48.77,7499595000,8461710000
2017-07-01,106.1,95.73002754820938,4.1,445.9268479999999,8.4584,54296381238,70325464672.00002,0.5,9.3988,NA,52.72,6477881000,8386082000
2017-08-01,105.3,96.14325068870524,4.2,417.720864,7.9024,54943767208,70630655497.6,0.5,9.3201,NA,52.86,6969215000,8920797000
2017-09-01,105.9,98.89807162534436,4.2,440.957313,7.7647,57567322741.3,71410625901,0.5,9.3275,NA,56.79,7432438000,9194805000
2017-10-01,106,101.37741046831955,4,473.180818,7.7647,52954639035.4,69966979518,0.5,9.3976,NA,60.94,6662380000,8777742000
2017-11-01,106.1,104.54545454545456,4.1,510.2841880000001,8.1476,77242669992,73125679564.40001,0.5,9.6082,NA,62.63,9459406000,8983768000
2017-12-01,106.1,107.57575757575756,4.5,552.0499599999999,8.309,57148238447.99999,75948248320,0.5,9.8412,NA,66.44,6871634000,9166316000
2018-01-01,106,110.88154269972452,4,572.4070099999999,8.309,59161553535,82815280350,0.5,9.6464,NA,68.89,7206786000,10086670000
2018-02-01,107,108.1267217630854,4,497.229968,7.6816,53450016940.8,77060658960,0.5,9.6712,NA,64.73,6922161000,9969683000
2018-03-01,107.3,108.67768595041323,4.2,550.344646,7.9369,66847873550.399994,81609904346,0.5,9.5801,NA,69.34,8424319000.000001,10328650000
2018-04-01,107.7,112.25895316804409,4.2,592.807061,7.9369,61844677403.100006,78958882704,0.5,9.6202,NA,74.69,7930113000,10163890000
2018-05-01,107.8,113.63636363636364,3.6,615.585964,7.9369,59498393771,82012867110,0.5,9.5674,NA,77.56,7445755000,10272840000
2018-06-01,108.5,116.11570247933884,4.2,647.2219470000001,8.1689,58440245248.8,86087054071,0.5,9.4746,NA,79.23,7162054000,10497810000
2018-07-01,109.3,117.35537190082646,4.1,606.214069,8.1689,59257494940.799995,87419094360,0.5,9.4975,NA,74.21,7268561000,10717580000
2018-08-01,108.9,117.90633608815426,3.9,633.146436,8.1549,54796377565.799995,87458692932,0.5,9.6161,NA,77.64,6736776000,10701260000
2018-09-01,109.5,119.69696969696972,4.4,674.6548769999999,8.1549,60655818990,91836851418,0.58,9.6205,NA,82.73,7293828000,11010310000
2018-10-01,109.3,124.10468319559229,4,610.7730720000001,8.1393,58348810357.5,87788129403,0.75,9.4793,NA,75.04,7194077000,10791340000
2018-11-01,109.8,120.24793388429754,3.9,496.5861359999999,8.3516,59320838539.6,79684628335.59999,0.75,9.6272,NA,59.46,7085534000,9552367000
2018-12-01,109.8,115.97796143250687,3.7,451.153432,8.3516,56976034699.6,76886470950.2,0.75,9.7946,NA,54.02,6638271000,8997143000
2019-01-01,109.3,116.39118457300276,4,508.111344,8.3516,64228102811.99999,82283778924,0.75,9.7631,NA,60.84,7388040000,9462312000
2019-02-01,110.2,116.80440771349862,4.3,558.9004659999999,8.4286,65104487120.99999,78060366324.79999,0.75,9.7444,NA,66.31,7679808000,9195401000
2019-03-01,110.4,114.46280991735536,3.6,577.4711,8.545,62476152260,78150399570,0.82,9.7181,NA,67.58,7318173000,9198579000
2019-04-01,110.8,115.28925619834712,3.2,618.116268,8.5778,66493064083.6,81108357191.4,1,9.6247,NA,72.06,7723206000,9462317000
2019-05-01,110.5,114.0495867768595,3.5,531.737822,8.5778,62988469129.8,77717560422.6,1,9.7793,NA,61.99,7317121000,9037392000
2019-06-01,110.6,108.53994490358129,3.8,555.3267719999999,8.5778,62331940070.399994,74052349951.99998,1.08,9.7447,NA,64.74,7106683000,8394672000
2019-07-01,111.4,107.16253443526172,3.9,555.11068,8.5336,61726071812.799995,68803259368,1.25,9.6587,NA,65.05,7239960000,8066008000
2019-08-01,110.6,106.8870523415978,4.2,526.738425,8.8901,61256878446,68495642371,1.25,9.9742,NA,59.25,6909297000,7683898000
2019-09-01,111.1,106.8870523415978,3.6,526.738425,8.8901,66092721609.00001,72535724373.90001,1.33,9.9203,NA,59.25,7288796000,7973637000
2019-10-01,111.3,107.02479338842976,4.3,544.1338539999999,9.1267,60380896448.399994,69359050279.2,1.5,10.1165,NA,59.62,6641946000,7604336000
2019-11-01,111.6,108.81542699724518,4,551.941005,9.1245,60517954265.99999,81783477468,1.5,10.1087,NA,60.49,6613828000,8973797000
2019-12-01,111.3,113.36088154269972,4.1,595.738605,9.1245,64482807039,81413502732,1.5,10.0498,NA,65.29,7001883000,8885872000
2020-01-01,111.3,111.84573002754824,4.1,516.62919,9.1245,64093195917.700005,71910762363.59999,1.5,9.9384,NA,56.62,7294814000,8181184999.999999
2020-02-01,111.2,108.1267217630854,3.6,453.213915,9.1245,65279528998,75387282723.80002,1.5,10.1327,NA,49.67,7034768000,8129613000.000001
2020-03-01,111.2,100,3.5,240.430575,9.1245,57808658588,55356276155.6,0.99,11.2943,NA,26.35,6114895000,5888537000
2020-04-01,111.7,96.69421487603309,4.1,272.84992,10.304,58214189376,54038287296,0.25,11.3429,NA,26.48,5626779000,5248783000
2020-05-01,111.9,94.0771349862259,4.9,389.90336,10.304,60580069060.8,56945358905.600006,0.05,10.9906,NA,37.84,5897306000,5548916000
2020-06-01,112.1,92.83746556473832,5,425.24608000000006,10.304,63482022812.5,60508493125,0,10.727,NA,41.27,6562683000,6215822000
2020-07-01,112.9,92.83746556473832,5.9,418.63193600000005,9.6193,66183092632.00001,63206102048.700005,0,10.6544,NA,43.52,6886999000,6573707000
2020-08-01,112.5,94.0771349862259,5.2,439.217238,9.6193,69037253718.79999,63837110146.299995,0,10.5797,NA,45.66,7643724000,7024676000
2020-09-01,112.9,96.55647382920112,5.2,368.33147999999994,8.7076,61179937196.399994,62440788968.799995,0,10.7769,NA,42.3,7050893000,7171222000
2020-10-01,113.2,100.55096418732784,5.5,352.12872799999997,9.2812,63953175938,66743355250.4,0,10.922,NA,37.94,6920283000,7195830000
2020-11-01,112.4,105.09641873278235,5.2,444.383856,9.2812,71776169536.40001,69666795498.70001,0,10.7453,NA,47.88,7544984000,7356197000
2020-12-01,112.9,106.74931129476586,4.8,459.088926,8.8593,65026748160.6,72801040830.29999,0,10.605,NA,51.82,7333634000,8259841000
2021-01-01,114.1,112.534435261708,5.1,487.615872,8.8593,63203237871.600006,82933245645,0,10.3661,NA,55.04,7399992000,9703506000
2021-02-01,114.9,118.59504132231405,5.4,553.838066,8.5973,64613102720.3,84176972446.20001,0,10.2791,NA,64.42,7461814000,9700445000
2021-03-01,114.6,118.45730027548213,4.3,539.275396,8.5954,67640460256.6,86083188862,0,10.1469,NA,62.74,7877318000,10089420000
2021-04-01,115,118.59504132231405,5.1,573.8289040000001,8.5954,68730224545.90001,87706387674,0,10.0375,NA,66.76,8028729000,10301450000
2021-05-01,114.9,121.76308539944904,5.5,592.65283,8.5954,73939427168.09999,98372470195.99998,0,10.0863,NA,68.95,8985998000,11968430000
2021-06-01,115.3,127.41046831955924,4.5,617.1820200000001,8.271,68684617170.000015,102937805730.00002,0,10.1444,NA,74.62,8317831999.999999,12376530000
2021-07-01,116.3,133.1955922865014,5,647.9076379999999,8.5918,68649126384.99999,118652672081.99998,0,10.3767,NA,75.41,7997629000,13814110000
2021-08-01,116.3,141.0468319559229,3.9,615.4306339999999,8.5918,75735678447,129169736696.00002,0,10.4195,NA,71.63,8654660000,14661200000
2021-09-01,117.5,152.4793388429752,3.7,680.138012,8.6852,72080307377.2,149392127604,0.06,10.1861,NA,78.31,8331740999.999999,17201450000
2021-10-01,117.2,161.84573002754823,3.6,723.1984759999999,8.6383,72980219720.09999,173173986908.99997,0.25,9.8143,NA,83.72,8488348999.999999,20060140000
2021-11-01,118.1,166.80440771349862,4,582.2035310000001,8.4097,72556217315.40001,157364997504.00003,0.25,9.9661,NA,69.23,8599149000,18746160000
2021-12-01,118.9,180.1652892561984,3.3,698.67161,9.0326,79320454345,206367541222,0.36,10.1366,NA,77.35,8773431000,22983170000
2022-01-01,117.8,177.96143250688706,3.2,806.2498760000001,9.0326,78921247562.4,174535220448,0.5,10.007,NA,89.26,8938870000,19752590000
2022-02-01,119.1,181.68044077134988,3.5,866.9169360000001,8.8488,81413720654.40001,180561356784,0.5,10.0544,NA,97.97,9127283000,20191930000
2022-03-01,119.8,212.396694214876,3,924.9453139999998,8.8334,78075710746.2,220324517813.99997,0.55,9.7367,NA,104.71,8851124000,25157740000
2022-04-01,121.2,197.2451790633609,2.6,936.72502,8.743,78874441177,197604827070,0.75,9.6239,NA,107.14,8976221000,22626060000
2022-05-01,121.5,200.55096418732785,3.8,1010.6908,8.743,84514131414.40001,203345547120,0.75,10.1373,NA,115.6,9147144000,22038680000
2022-06-01,122.6,215.0137741046832,3.1,1022.287086,9.3762,80569405314,203849370630.00003,0.87,10.3072,NA,109.03,8608488000,21604700000
2022-07-01,124.2,231.267217630854,2.9,1033.721725,9.9425,84365821052.5,283505515675,1.25,10.1823,NA,103.97,8493188000,28518550000
2022-08-01,123.9,250.13774104683196,3.4,921.893088,9.6392,88359201597.6,324083109704,1.45,9.8309,NA,95.64,9201529000,33497079999.999996
2022-09-01,125.6,232.2314049586777,3.4,852.1662600000001,10.009,87082403690,262112789390,1.89,10.1697,NA,85.14,8738243000,26187590000
2022-10-01,126,193.93939393939397,3.1,928.93529,10.009,94278843152.8,186470524874.00003,2.25,10.3919,NA,92.81,8729465000,17186760000
2022-11-01,125.8,203.9944903581267,3.2,890.381466,10.2378,90471837874.2,185811258234,2.47,10.3357,NA,86.97,8804513000,18187160000
2022-12-01,125.9,213.9118457300276,3.5,839.74686,9.8044,94941083879.2,229350309395.99997,2.62,10.448,NA,85.65,9672552000,23543870000
2023-01-01,126.1,176.99724517906336,3.6,837.8840239999998,9.8044,84011037427.9,174827199913,2.75,10.7149,NA,85.46,8513612999.999999,17701100000
2023-02-01,126.6,171.900826446281,4,831.654355,9.9659,92323669066.3,168305016130.99997,2.75,10.9529,NA,83.45,9183237000,16689370000
2023-03-01,127.6,165.84022038567494,3.6,825.255711,10.3299,88070248224,153310177860,2.82,11.2858,NA,79.89,8538857000,14984440000
2023-04-01,129,167.07988980716254,3.5,829.800867,10.3299,92627867002.8,174011519148,3,11.5265,NA,80.33,8791125000,16630109999.999998
2023-05-01,129.6,153.30578512396696,3.1,749.95074,10.3299,90213224174.4,144245589744,3.21,11.7233,NA,72.6,8415836000.000001,13480570000
2023-06-01,130.4,153.85674931129478,3.4,843.626752,11.1872,93158197273.6,151233156352,3.39,11.7164,NA,75.41,8343597000.000001,13423760000
2023-07-01,130.9,149.4490358126722,3.7,955.722496,11.1872,88691299488,161472459456,3.75,11.3474,NA,85.43,8242212000,14994980000
2023-08-01,129.9,156.6115702479339,3.6,887.376551,10.2197,78693059439.8,143520356950,3.86,11.4127,NA,86.83,7731955000,13983090000
2023-09-01,129.8,164.0495867768595,3.4,976.5824,10.592,86163134304,146908286080,4.07,11.4525,NA,92.2,8172464000,13868140000
2023-10-01,131.1,172.5895316804408,3.6,900.53184,10.592,81608036090,154665087150,4.25,11.6284,NA,85.02,7728404000,14572370000
2023-11-01,131.8,172.03856749311296,3.8,905.211528,11.1948,88983894058.8,158480193732,4.25,11.7958,NA,80.86,7915254000,14188630000
2023-12-01,131.9,159.22865013774106,3.7,828.703872,10.7568,88102570017.6,152800881840,4.37,11.5333,NA,77.04,8178226000,14303740000
2024-01-01,132,154.1322314049587,4.5,878.9381279999999,10.7568,85753037000.4,136021365564,4.5,11.3501,NA,81.71,8421371000.000001,13344120000
2024-02-01,132.3,150.27548209366392,3.6,860.9478189999999,10.5109,84671837279.8,132169417159,4.5,11.3843,NA,81.91,7984320000,12439360000
2024-03-01,132.6,154.4077134986226,3.9,920.6862,10.5826,87490058110,145536148240,4.5,11.512,NA,87,8271924000,13884020000
2024-04-01,133.7,159.64187327823694,4.3,913.595858,10.5826,88630208231.5,148462739665,4.5,11.6828,NA,86.33,8163387000,13784470000
2024-05-01,133.5,158.26446280991738,4,858.3546859999999,10.5826,94019078748.00002,158767281570,4.5,11.5898,NA,81.11,8544183000,14462340000
2024-06-01,133.8,159.0909090909091,4,899.521,10.5826,88251547231.9,167912609507,4.5,11.4178,NA,85,8429202999.999999,15880360000
2024-07-01,134.5,159.22865013774106,3.9,860.048676,10.6389,89471670192.9,149641447950,4.5,11.716,NA,80.84,8420479000,14075970000
2024-08-01,133.3,162.2589531680441,4,837.575375,10.8875,96243921312.5,160613924250,4.5,11.7895,NA,76.93,8878529000,14675250000
2024-09-01,133.7,159.22865013774106,4,781.3958749999999,10.8875,89745988987.79999,142411851330,4.5,11.7852,NA,71.77,8574989000,13538770000
2024-10-01,134.5,166.52892561983472,4.1,770.431734,10.5814,91886803645.6,141693728562,4.5,11.7907,NA,72.81,8741453000,13402910000
2024-11-01,134.9,172.03856749311296,3.7,789.349184,10.9876,91349906528.4,154691673500,4.5,11.7408,NA,71.84,8273250000.000001,14109740000
2024-12-01,134.8,173.96694214876035,4.3,820.114464,10.9876,91608918526.99998,155547931520,4.5,11.7392,NA,74.64,8270265000,14175700000
2025-01-01,135.1,182.09366391184577,3.8,843.4081760000001,10.9876,89650976406.6,165443788412,4.5,11.7456,NA,76.76,7887700000,14539620000
2025-02-01,137,184.02203856749313,4.1,800.007156,10.9876,94464684033,177956648640,4.5,11.6574,NA,72.81,8289380000,15527770000
2025-03-01,136.1,169.00826446280993,4.5,821.213224,10.9876,96061639447.2,151402414408,4.5,11.5472,NA,74.74,8542901000.000001,13598810000
2025-04-01,137,160.19283746556474,4.4,662.210856,10.4913,97909175980.8,150487731765,4.5,11.8313,NA,63.12,9270604000,14373490000
2025-05-01,137.5,155.6473829201102,4.6,670.39407,10.4913,92666019912.6,147150845116,4.5,11.6022,NA,63.9,8939841000,14233200000
2025-06-01,137.8,155.92286501377413,5.4,709.3167930000001,10.4913,92693152846,152697073480,4.41,11.5879,NA,67.61,9126030000,14881130000
2025-07-01,138.9,158.12672176308538,4.4,719.0936399999999,10.0292,91476473608.8,145625688964,4.25,11.8537,NA,71.7,9132744000,14529300000
2025-08-01,138,157.02479338842977,4.9,705.62102,10.3585,91789092389,155835552870,4.25,11.8653,NA,68.12,8901368000,14951090000
2025-09-01,138.5,154.26997245179064,4.7,671.1449819999999,10.0141,90759660936.7,141803261076,4.16,11.6702,NA,67.02,9112496000,14163410000
2025-10-01,138.7,153.99449035812674,4.4,647.0365589999999,9.9437,88053313028.2,138374639897,4,11.6633,NA,65.07,8918161000,13927500000
2025-11-01,138.9,156.47382920110192,4.5,628.44184,9.9437,98062089561,134949228173.99998,4,11.7402,NA,63.2,9673676000,13414240000
2025-12-01,139.1,154.1322314049587,4.3,615.029205,10.1073,94680355110.6,126320732181,4,11.8448,NA,60.85,9352883000,12609580000
